group,variant,information,capacity,crps_mean,quantile_coverage_mean,quantile_pinball_mean,miss_rate_mean,acceptance_mean,p95_latency_ms_mean,over_reservation_mean,ms_per_prediction_mean,fit_seconds_mean,terminal_alpha_bar_mean,crps_sd,quantile_coverage_sd,quantile_pinball_sd,miss_rate_sd,acceptance_sd,p95_latency_ms_sd,over_reservation_sd,ms_per_prediction_sd,fit_seconds_sd,terminal_alpha_bar_sd
default,"default (cosine, K=20)",proactive,1.0,3.7113608788781365,0.7860416666666666,1.7506012436971343,10.458333333333332,95.1875,8.023565839701321,45.51508782452123,0.10980079359475943,5.311000444399997,6.0596444200200494e-06,1.015815238044611,0.04851975542669879,0.5096493875071383,2.5587238813976336,1.5197072187971479,3.0166141356524565,7.222085579209758,0.02912951402413413,0.3155692965114514,0.0
default,"default (cosine, K=20)",request_observed,1.0,3.7113608788781365,0.7860416666666666,1.7506012436971343,4.75,97.16666666666667,6.901305782366807,46.76541856564377,0.10980079359475943,5.311000444399997,6.0596444200200494e-06,1.015815238044611,0.04851975542669879,0.5096493875071383,2.554951619459315,1.5811388300841835,3.014466057734589,7.158735195709148,0.02912951402413413,0.3155692965114514,0.0
samples,M=256 samples,proactive,1.0,3.7113608788781365,0.7860416666666666,1.7506012436971343,9.458333333333332,95.70833333333333,7.572033806283159,46.2901704748321,3.63104585803912,5.37621597920006,6.0596444200200494e-06,1.015815238044611,0.04851975542669879,0.5096493875071383,2.3959842947608685,1.4540280364780407,2.643121190925791,7.049464395640993,0.36825368522759033,0.2437411948992591,0.0
samples,M=256 samples,request_observed,1.0,3.7113608788781365,0.7860416666666666,1.7506012436971343,3.8125,97.72916666666667,6.06073614162703,47.512713620655376,3.63104585803912,5.37621597920006,6.0596444200200494e-06,1.015815238044611,0.04851975542669879,0.5096493875071383,2.1018849932123684,1.4348304519788793,1.9768972460210061,6.9748010042620345,0.36825368522759033,0.2437411948992591,0.0
samples,M=64 samples,proactive,1.0,3.7113608788781365,0.7860416666666666,1.7506012436971343,9.791666666666668,95.56249999999999,7.901036367334529,46.32721797052439,0.439688281568641,5.135227987200051,6.0596444200200494e-06,1.015815238044611,0.04851975542669879,0.5096493875071383,2.52304196174791,1.6287646325958451,3.127038354678658,7.32994722912086,0.14032823265771666,0.20832273672121832,0.0
samples,M=64 samples,request_observed,1.0,3.7113608788781365,0.7860416666666666,1.7506012436971343,3.7708333333333335,97.72916666666666,6.364349600270556,47.53765371186192,0.439688281568641,5.135227987200051,6.0596444200200494e-06,1.015815238044611,0.04851975542669879,0.5096493875071383,2.2999639355733974,1.5511159363980995,3.0052579984820254,7.29877641470443,0.14032823265771666,0.20832273672121832,0.0
schedule,schedule linear 1e-4..0.02 (legacy),proactive,1.0,4.163835491042255,0.9125,2.2565699276596707,6.979166666666667,96.79166666666667,6.844311657843777,57.65221573553846,0.0922413260130959,5.084806638199962,0.8167771100997925,0.7898765468382734,0.06456653007213221,0.6298230730683869,2.7955162788708816,1.5811388300841915,2.1391710485988993,5.49019755164201,0.0034822798100204717,0.21748484245266533,0.0
schedule,schedule linear 1e-4..0.02 (legacy),request_observed,1.0,4.163835491042255,0.9125,2.2565699276596707,3.5208333333333335,97.91666666666666,5.9492976102416195,58.39525060170549,0.0922413260130959,5.084806638199962,0.8167771100997925,0.7898765468382734,0.06456653007213221,0.6298230730683869,2.1369264084915613,1.4231876063832802,1.9539669429809694,5.447614084380762,0.0034822798100204717,0.21748484245266533,0.0
schedule,schedule linear 1e-4..0.35,proactive,1.0,3.4454441544763,0.8018750000000001,1.618833943110286,10.208333333333332,95.45833333333333,8.128839563274916,43.474529681808825,0.09352814797375977,5.085563279399912,0.0180092398077249,0.4363133259550031,0.05308481595696821,0.2722942144421311,2.9050695365766517,1.7202049117101217,2.9062907320063838,1.7679575210119325,0.004493540439132805,0.13686291581909388,0.0
schedule,schedule linear 1e-4..0.35,request_observed,1.0,3.4454441544763,0.8018750000000001,1.618833943110286,4.125,97.54166666666667,6.510925631918367,44.720811868218206,0.09352814797375977,5.085563279399912,0.0180092398077249,0.4363133259550031,0.05308481595696821,0.2722942144421311,2.3891311246694262,1.6101529717988294,2.885831559084557,1.8220751440310243,0.004493540439132805,0.13686291581909388,0.0
steps,K=10,proactive,1.0,3.559912581248068,0.7763541666666667,1.6630983186361044,11.5625,94.625,8.785332656679497,43.55083785557469,0.0657618128105455,5.171275572199965,2.4091723389574327e-05,0.48763938007277763,0.0663386207005438,0.3044362058717076,3.7206282864160216,2.078234501199344,3.4011967544829473,1.793447835720772,0.007483554466938444,0.3044149743026575,0.0
steps,K=10,request_observed,1.0,3.559912581248068,0.7763541666666667,1.6630983186361044,4.833333333333334,97.10416666666667,6.501344984318389,44.71678276700217,0.0657618128105455,5.171275572199965,2.4091723389574327e-05,0.48763938007277763,0.0663386207005438,0.3044362058717076,2.6981646711408462,1.6937897186814823,2.1454470505518968,1.9322751185745797,0.007483554466938444,0.3044149743026575,0.0
steps,K=5,proactive,1.0,3.847780718200693,0.7409375,1.7644571939993938,10.416666666666668,95.22916666666666,8.492297656934062,43.32144061595478,0.04933420535956848,5.128024398100069,9.404561569681392e-05,0.8531771671680597,0.0664239831987023,0.39290149080811315,3.903741478487554,2.259773867469661,3.7800539253235304,2.7903315153323778,0.00358633323424732,0.24143529760254442,0.0
steps,K=5,request_observed,1.0,3.847780718200693,0.7409375,1.7644571939993938,3.9791666666666665,97.60416666666667,6.493976519843517,44.29051982671633,0.04933420535956848,5.128024398100069,9.404561569681392e-05,0.8531771671680597,0.0664239831987023,0.39290149080811315,2.6176963355091956,1.7158540417508086,2.990022741131776,2.7251864556929832,0.00358633323424732,0.24143529760254442,0.0
steps,K=50,proactive,1.0,5.379960996548052,0.8173958333333333,2.7914957652598025,9.395833333333332,95.79166666666666,7.70152876130795,66.86353240984728,0.19427589372539572,5.1601339845000895,9.711930033518e-07,6.184412916652453,0.07035693897465065,3.680040780530648,2.9223654643811074,1.7341655765565176,2.6911928399140836,63.29954058803331,0.015034726953824384,0.39736804385721575,0.0
steps,K=50,request_observed,1.0,5.379960996548052,0.8173958333333333,2.7914957652598025,3.6875,97.79166666666667,6.066734741027692,68.0174195792536,0.19427589372539572,5.1601339845000895,9.711930033518e-07,6.184412916652453,0.07035693897465065,3.680040780530648,2.2179864144236547,1.5061601901917707,2.0393967894619403,62.96153568159283,0.015034726953824384,0.39736804385721575,0.0
training,160 epochs (GAN budget),proactive,1.0,4.727520399016574,0.911875,2.2980145398496443,6.875,96.8125,6.936236946679683,59.208063286125835,0.09992512810456339,0.5578182643999753,6.0596444200200494e-06,1.9027447331674137,0.027473156090182936,0.7593407233699684,2.6425413320056177,1.6168778498951302,2.2845727990051654,13.15530421739198,0.013005547933548791,0.08901198430731867,0.0
training,160 epochs (GAN budget),request_observed,1.0,4.727520399016574,0.911875,2.2980145398496443,3.5208333333333335,97.91666666666666,5.932791329727289,60.29358013400421,0.09992512810456339,0.5578182643999753,6.0596444200200494e-06,1.9027447331674137,0.027473156090182936,0.7593407233699684,2.1369264084915613,1.4231876063832802,1.9483296740396254,12.949853706718915,0.013005547933548791,0.08901198430731867,0.0
variance,variance beta,proactive,1.0,3.70505196803618,0.8583333333333334,1.717784583060895,8.875,95.9375,7.316538050596907,48.44163912010548,0.10115596679741401,5.092797422399963,6.0596444200200494e-06,0.9644207353967849,0.03956200692552526,0.44943000088811447,2.457587771437876,1.5158944411766035,2.246810647177442,7.049670834245573,0.011061202239639181,0.24309485041226545,0.0
variance,variance beta,request_observed,1.0,3.70505196803618,0.8583333333333334,1.717784583060895,3.5625,97.85416666666666,5.939489453555533,49.595312444393656,0.10115596679741401,5.092797422399963,6.0596444200200494e-06,0.9644207353967849,0.03956200692552526,0.44943000088811447,2.047021511343062,1.3431711716294006,1.9056223574815767,6.993541753742946,0.011061202239639181,0.24309485041226545,0.0
