information,capacity,method,miss_rate_mean,acceptance_mean,p95_latency_ms_mean,isolation_mean,over_reservation_mean,miss_rate_sd,acceptance_sd,p95_latency_ms_sd,isolation_sd,over_reservation_sd
proactive,0.82,Diffusion-JCSO,32.43055555555555,89.01388888888887,11.234323128113672,0.9991666666666666,97.09322633662748,2.1751968833835433,0.8093779046851891,3.276750809669047,0.0008807179682204395,6.200517017308795
proactive,0.82,GAN-JCSO,34.73611111111111,87.47222222222221,11.628387427178154,0.9919471153846153,94.1009451409737,5.8020490473752595,2.142628404899336,3.105692331969783,0.009612770077230243,1.6268235916756615
proactive,0.82,QuantileMLP-JCSO,24.625,91.63888888888887,11.031737132853564,1.0,102.59017840825032,5.165994579942956,2.341256389522833,3.438922527969995,0.0,6.6600597922789735
proactive,0.82,MovingAverage-JCSO,55.76388888888889,78.81944444444444,14.960000000000003,0.9239182692307694,76.67509110291877,4.046889523425958,1.2729376930432976,0.0,0.04490497857244476,2.073199872646385
proactive,0.82,Persistence-JCSO,87.5,54.72222222222221,14.960000000000003,0.6830128205128205,64.65439890652893,5.476433095039549,3.2297266539537457,0.0,0.03307240099809205,0.3622322963296097
proactive,0.82,JointHeuristic,95.27777777777776,46.59722222222222,14.960000000000003,0.6349358974358975,42.16390561837506,3.3871523328492232,3.3871523328492277,0.0,0.009974030551453227,0.8483927874511836
proactive,0.82,StaticReserve,70.90277777777779,67.56944444444444,14.960000000000003,1.0,43.131218874221496,3.8770902367243996,3.670058406034387,0.0,0.0,5.242311266837825
proactive,0.82,Independent,88.88888888888887,55.208333333333336,14.960000000000003,0.7257211538461538,34.57052637467303,2.405626121623435,1.8517071702740728,0.0,0.018333956697758037,1.0829576542625245
proactive,1.0,Diffusion-JCSO,25.61111111111111,92.33333333333333,7.403239991361201,0.9937740384615384,94.66170335454429,1.509422565579793,0.6959705453537527,0.9342328142647499,0.0016386756699185814,6.719293371412307
proactive,1.0,GAN-JCSO,29.875,89.31944444444444,8.47423677235142,0.9721314102564103,92.22317790406521,7.739352004169626,3.5698227209847913,0.8090324998812883,0.029318472274428107,2.29904223762243
proactive,1.0,QuantileMLP-JCSO,17.23611111111111,95.36111111111113,5.917054737907146,0.9997516025641026,99.90704938282268,2.3008653766532037,1.1291077270390362,0.5712842823618135,0.0004302369794441683,7.272214141068073
proactive,1.0,MovingAverage-JCSO,56.59722222222223,76.80555555555556,14.960000000000003,0.8554086538461538,75.88644637747652,7.4690720331937435,3.4694433324435607,0.0,0.032941683570471954,1.8099594881985201
proactive,1.0,Persistence-JCSO,85.97222222222221,54.583333333333314,14.960000000000003,0.6485977564102564,64.13745270007873,6.3885114622816275,3.6084391824351574,0.0,0.00846680661687009,0.6943025873353785
proactive,1.0,JointHeuristic,94.09722222222223,45.625,14.960000000000003,0.5812900641025641,42.078095125649575,3.4631826777199093,4.304995483285802,0.0,0.010964103669706772,1.037656174109775
proactive,1.0,StaticReserve,70.90277777777779,67.56944444444444,14.960000000000003,1.0,43.131218874221496,3.8770902367243996,3.670058406034387,0.0,0.0,5.242311266837825
proactive,1.0,Independent,88.81944444444444,55.13888888888889,14.960000000000003,0.6716346153846153,34.57052637467303,2.107498736874097,1.7718542808573703,0.0,0.027708954331550146,1.0829576542625245
request_observed,0.82,Diffusion-JCSO,8.333333333333334,95.72222222222224,10.268187038007984,0.9989182692307693,95.41685800029994,3.6314597615834874,1.5625462956104437,4.265449918184007,0.000582901714085665,7.784961387026156
request_observed,0.82,GAN-JCSO,8.416666666666666,95.70833333333336,10.182634402353434,0.9931169871794872,90.12078404652868,3.711141259025913,1.5629166111259174,4.299043648969806,0.007850180335464202,1.3748751524404796
request_observed,0.82,QuantileMLP-JCSO,8.26388888888889,95.76388888888891,10.190232289565726,1.0,102.31321595631243,3.6582131086294236,1.563656979055238,4.304752978783629,0.0,7.269258171743228
request_observed,0.82,MovingAverage-JCSO,9.930555555555555,94.79166666666669,10.487504573785975,0.954326923076923,67.40821674701252,2.7743033826997476,1.0825317547305484,3.9508576588046287,0.03503497532633453,1.8514063474951468
request_observed,0.82,Persistence-JCSO,19.23611111111111,88.68055555555556,12.906666666666668,0.8802483974358974,75.26881621245082,11.525058246819953,5.897464929322825,3.5564776582080957,0.012308028778954472,0.7763053639975773
request_observed,0.82,JointHeuristic,61.18055555555554,71.1111111111111,14.960000000000003,0.6301282051282052,4.367847816412856,14.768663647260915,10.352580640880134,0.0,0.011004216779063006,2.3449471755425484
request_observed,0.82,StaticReserve,70.90277777777779,67.56944444444444,14.960000000000003,1.0,43.131218874221496,3.8770902367243996,3.670058406034387,0.0,0.0,5.242311266837825
request_observed,0.82,Independent,37.916666666666664,97.29166666666667,4.295948662673903,0.7257211538461538,2.000000000000002,1.4583333333333357,0.9547032697824663,0.230576061527739,0.02019659981855291,0.0
request_observed,1.0,Diffusion-JCSO,0.1388888888888889,99.875,4.2653615955867705,0.9960096153846153,92.48770091950512,0.14632852434517696,0.125,0.2623460956897775,0.0029441963835102193,8.225149868547362
request_observed,1.0,GAN-JCSO,1.652777777777778,98.875,4.61631487198223,0.9782451923076922,87.43679223489079,1.852800682850255,1.192424001771182,0.6367440743597022,0.020159414027384744,2.002330092912204
request_observed,1.0,QuantileMLP-JCSO,0.0,100.0,4.243629351519605,1.0,99.313172928967,0.0,0.0,0.23451950608009822,0.0,7.869304625767865
request_observed,1.0,MovingAverage-JCSO,10.277777777777779,93.75,6.369206512661365,0.8836939102564103,65.65854653655562,9.477067838462213,5.7282196186948,2.1799401623106043,0.028179735255026685,1.4686810322617583
request_observed,1.0,Persistence-JCSO,16.458333333333332,89.79166666666667,9.826666666666668,0.835576923076923,72.86649331739001,10.435399821973496,5.907269532815759,4.704777713487997,0.0019343121321431659,0.8657831854907159
request_observed,1.0,JointHeuristic,60.208333333333336,70.83333333333333,14.960000000000003,0.5619791666666667,3.29428209603623,15.77428683015496,11.81453906563153,0.0,0.006633845993106534,2.3608694270440327
request_observed,1.0,StaticReserve,70.90277777777779,67.56944444444444,14.960000000000003,1.0,43.131218874221496,3.8770902367243996,3.670058406034387,0.0,0.0,5.242311266837825
request_observed,1.0,Independent,38.88888888888889,96.66666666666667,4.688064658956641,0.6716346153846153,2.000000000000002,2.828529424224486,1.5728821740147392,0.8939091859569823,0.030802078320239307,0.0
