workload,forecaster,crps_mean,crps_grid_mean,energy_score_mean,nmae_mean,rmse_mean,quantile_pinball_mean,quantile_coverage_mean,quantile_joint_coverage_mean,estimate_pinball_mean,estimate_coverage_mean,sample_spread_mean,ms_per_prediction_mean,fit_seconds_mean,params_online_mean,params_training_only_mean,crps_sd,crps_grid_sd,energy_score_sd,nmae_sd,rmse_sd,quantile_pinball_sd,quantile_coverage_sd,quantile_joint_coverage_sd,estimate_pinball_sd,estimate_coverage_sd,sample_spread_sd,ms_per_prediction_sd,fit_seconds_sd,params_online_sd,params_training_only_sd
normal,DDPM,2.108304094776609,2.0308685714655033,3.2220001453624567,0.09770875248024646,4.082256949364284,0.9450792512083431,0.7765625,0.7245833333333334,1.1001716579705427,0.6744791666666667,2.587194237278114,0.10129746405225264,5.345910696100054,3674.0,0.0,0.12732393055831978,0.12596792433589288,0.20318094430025688,0.004162442812964448,0.26972862062207853,0.060283918837002744,0.03733648119376141,0.04328790353658385,0.0794164714750171,0.03100696388577221,0.19689303855530507,0.011366359768093703,0.4186826850169811,0.0,0.0
normal,GAN,2.7849863496837477,2.7183323716068055,4.282439160214945,0.11460176632937916,4.664996810014517,1.2096238610342505,0.7224999999999999,0.6535416666666667,1.2185544857692943,0.658125,1.6543338219622203,0.03761848797391087,2.6696024521000252,3506.0,3169.0,0.3077863095433056,0.2930360627123037,0.5235905278749907,0.012475510591502724,0.5682731943976526,0.19881098335580794,0.099625794837048,0.10677769286908409,0.15292992729599744,0.07383319486233984,0.8243762248107879,0.002936723398418948,0.1445051163971337,0.0,0.0
normal,MovingAverage,3.1889292770777207,3.1861679701446173,4.878014419610028,0.10887093941402286,4.581649927138521,1.5778967969402404,0.515625,0.47375,1.5778967969402404,0.515625,0.0,0.0015188435292442701,0.00180847910000916,0.0,0.0,0.21305341528484295,0.21536687870870053,0.3450480242475355,0.006532242148663267,0.37323630346066333,0.12134619845639134,0.012197338937673864,0.01285003722913377,0.12134619845639134,0.012197338937673864,0.0,0.0002432353983510268,0.0005546408974215076,0.0,0.0
normal,Persistence,3.5972187825843966,3.596308645554712,5.390022089029662,0.12284904689413603,5.018925846038116,1.7931485691140907,0.51125,0.49874999999999997,1.7931485691140907,0.51125,0.0,0.00044606379085161,0.00200406800008745,0.0,0.0,0.1950853316064833,0.19547160872824915,0.29941961027618574,0.00646974259107007,0.3139433197854266,0.10004698163209899,0.014997427762992326,0.01175233100072565,0.10004698163209899,0.014997427762992326,0.0,9.12451313889797e-05,0.00040801209468195083,0.0,0.0
normal,QuantileMLP,2.0244752934721983,2.0244752934721983,,0.09981481667389211,4.183584722182528,0.9334693999859658,0.8269791666666666,0.78,1.0072488592920847,0.7402083333333334,,0.01751632013075121,0.45295783089995895,4200.0,0.0,0.1257412961666919,0.1257412961666919,,0.004968895017481939,0.3087543441962212,0.07412393490914908,0.022718259383447046,0.031121650000689744,0.08808409521465023,0.023033163490288736,,0.0008798804683729414,0.0608264446783733,0.0,0.0
medium,DDPM,2.6047150220363404,2.5181667596783917,4.025897551031344,0.1102260075401246,5.479885473722442,1.2050712188234016,0.7923958333333333,0.7364583333333333,1.353320403778264,0.6890625,3.2367640374779043,0.09506964117635597,5.14330682610007,3674.0,0.0,0.1948680032096366,0.19299604231277995,0.31914423161911093,0.00566201079590623,0.5567729249557798,0.11130802825896423,0.03501973236751807,0.0435926402852252,0.12192082637099652,0.03484094287120141,0.22563251288394995,0.004435400648953135,0.27283164445405517,0.0,0.0
medium,GAN,3.467914057129638,3.4682830701456595,5.382002982150856,0.13130362673234283,6.307904295967892,1.9987331641405437,0.5932291666666667,0.500625,1.84236378094671,0.565625,1.930330994855766,0.03637787215690094,2.672176901599914,3506.0,3169.0,0.5379457440836862,0.5945944058670385,0.8050351971425009,0.016908644303206054,0.7968831627626867,0.5862319632127369,0.146238895391968,0.1530554610304205,0.4111110814659019,0.1019852609025345,0.7136144789701904,0.001305294321816264,0.2681652124645677,0.0,0.0
medium,MovingAverage,4.078583704242335,4.073352561076319,6.3320424412180305,0.12844645760276494,6.480704521979824,2.007904993125075,0.5192708333333333,0.4774999999999999,2.007904993125075,0.5192708333333333,0.0,0.0014284160784715301,0.0013913995999245798,0.0,0.0,0.3282615041500424,0.3308837161180633,0.549270663152528,0.008801492668673758,0.719891744925719,0.18299453813306918,0.016566903386228828,0.017753890201416458,0.18299453813306918,0.016566903386228828,0.0,9.40402750000165e-05,9.868499941605461e-05,0.0,0.0
medium,Persistence,4.098516889662717,4.096479154807241,6.181798201715863,0.12914931506822508,6.152952834674124,2.0370320356985014,0.5104166666666667,0.49812500000000004,2.0370320356985014,0.5104166666666667,0.0,0.00041263398700899995,0.00182622229995099,0.0,0.0,0.2139471997557151,0.21469188064739456,0.3394530125720558,0.006011201755205821,0.4506039713654468,0.11237218944121445,0.012936066673748026,0.013192616832489632,0.11237218944121445,0.012936066673748026,0.0,4.3659637564852777e-05,0.0003029992307610116,0.0,0.0
medium,QuantileMLP,2.541770886397541,2.541770886397541,,0.11240282447298884,5.550643252393831,1.2115863983334427,0.8150000000000001,0.765,1.2891462262711446,0.7370833333333333,,0.01705935843139047,0.431532364900022,4200.0,0.0,0.17497932440596078,0.17497932440596078,,0.005335216330313198,0.44392654648777313,0.1107280004300937,0.037584139147146874,0.04015546562739735,0.12364226795655561,0.031014545074413688,,0.0007056606876001043,0.027487252990069162,0.0,0.0
heavy,DDPM,3.7113608788781365,3.60016521213793,5.833447652341118,0.13767249463720282,10.585091185808597,1.7506012436971343,0.7860416666666666,0.72,1.8243637018941328,0.6935416666666667,4.746127771035312,0.10256913647050296,5.260737965499947,3674.0,0.0,1.015815238044611,0.9916818703525112,1.7069046477828935,0.029599917646170325,9.287590537993847,0.5096493875071383,0.04851975542669879,0.04925368946511445,0.35461729701471995,0.03753791807239549,1.4681552839359486,0.014608658269104435,0.277544318294448,0.0,0.0
heavy,GAN,5.168166252437693,5.186325888078883,8.105942194975118,0.16919456123548834,9.49645542857164,3.00328588834022,0.6134375000000001,0.5337500000000001,2.539777546284489,0.5779166666666666,2.394576242591511,0.03885259869277987,2.7706976653000313,3506.0,3169.0,2.2593181307180643,2.462587845066578,3.5835405198978245,0.05557033938406327,3.26656363587475,2.3196308259799476,0.23120017919282912,0.23382636403647586,1.3698188229486583,0.1733100166831567,0.91356527268487,0.003140381148259572,0.19041212210065622,0.0,0.0
heavy,MovingAverage,5.3519839985143305,5.340924154315195,8.437531114352664,0.15092167040933296,9.112846172224247,2.609632934062346,0.5267708333333333,0.48791666666666667,2.609632934062346,0.5267708333333333,0.0,0.00164106431375504,0.00158213760009853,0.0,0.0,0.5461246495303846,0.5489700342985253,0.9420438573762638,0.010242481263607855,1.166955207625798,0.2953726456119792,0.014392350639990833,0.013881942707464763,0.2953726456119792,0.014392350639990833,0.0,0.00029501969964657395,0.00028073551121779385,0.0,0.0
heavy,Persistence,4.910692643933438,4.906966852142172,7.474175304435313,0.13869705756140954,7.965156738363966,2.43299157121912,0.5094791666666667,0.49854166666666655,2.43299157121912,0.5094791666666667,0.0,0.00039539333324767003,0.0017631920000439599,0.0,0.0,0.3373046626243391,0.3384316209245453,0.567238002690201,0.006787761186214447,0.7943374145237838,0.17621557634475882,0.013884113762467388,0.014028809093002215,0.17621557634475882,0.013884113762467388,0.0,6.757253494099128e-05,0.0003852811407702732,0.0,0.0
heavy,QuantileMLP,3.3328614953110454,3.3328614953110454,,0.12855902208996545,7.708564711596367,1.6182916263874016,0.8086458333333333,0.7572916666666667,1.6765446943991382,0.7378125,,0.01871223686268618,0.47854978440000195,4200.0,0.0,0.49787902795818206,0.49787902795818206,,0.01161985036664148,1.1987913675556272,0.3519639921472868,0.06527232911657489,0.0757247008846788,0.30171887810562464,0.046411156706345824,,0.0029609599352620024,0.06855637087963636,0.0,0.0
extreme,DDPM,4.6986625571830825,4.5449387737890685,7.419089794409027,0.15806033067624387,13.663526149169536,2.1718806880150945,0.8308333333333333,0.7735416666666667,2.1628643482696743,0.7301041666666667,6.454543484078354,0.10537152418305742,5.327329744899998,3674.0,0.0,1.4608423877291667,1.3997731289272322,2.3318304694481813,0.04448540411197421,9.34429428986638,0.699430683751332,0.04140892505335139,0.0512201621964642,0.47522688705007643,0.04763263746640715,2.171716418825222,0.020507646004268278,0.45723477355653624,0.0,0.0
extreme,GAN,7.153850956866803,6.941232342266605,11.385724475593545,0.20492570397119464,13.152624519538904,2.667081109452884,0.7320833333333333,0.651875,2.499858775783669,0.6815625,3.3455411582352794,0.03714311372551174,2.7173744626999907,3506.0,3169.0,6.762281184783604,6.311744720989494,10.927490842730808,0.16347887815977885,10.180859803877716,0.9233740333045714,0.12314577674547719,0.14499910200871355,0.5393926657528887,0.1149783280203354,2.0509894833003903,0.002730733809503717,0.16013868392248054,0.0,0.0
extreme,MovingAverage,6.6218840788945785,6.604373596519713,10.513923158502529,0.16844387009981815,11.795097897869528,3.205879145198099,0.5302083333333333,0.49499999999999994,3.205879145198099,0.5302083333333333,0.0,0.00178246758164896,0.00158343879998025,0.0,0.0,0.770654756940409,0.7687488364195024,1.3268531670177348,0.011098952192651827,1.6710924032439867,0.37941404008227625,0.016644951130842887,0.017129003992578735,0.37941404008227625,0.016644951130842887,0.0,0.0007928807065586755,0.00023017124329940497,0.0,0.0
extreme,Persistence,5.684215558844231,5.678092790763658,8.711625143913867,0.14488135416813727,9.84025738786014,2.8053711709386766,0.5105208333333333,0.49916666666666665,2.8053711709386766,0.5105208333333333,0.0,0.00043393464057450996,0.00184920029987547,0.0,0.0,0.47892559395139145,0.4784840290754741,0.8022398161728048,0.006847468931804592,1.14544760929427,0.23823716020643088,0.011758997244820846,0.013292762348894874,0.23823716020643088,0.011758997244820846,0.0,0.00012434987439588328,0.000464271104330995,0.0,0.0
extreme,QuantileMLP,3.9176525221193095,3.9176525221193095,,0.13630466879647224,9.591656772368548,1.897359187393164,0.8336458333333333,0.7854166666666667,1.9694898765618347,0.7626041666666666,,0.01793779071900355,0.43583842290004216,4200.0,0.0,0.39535342300098886,0.39535342300098886,,0.008899330274746976,1.2347852437442868,0.2183149499006448,0.031997427377779865,0.04214997473748201,0.23657750901039312,0.027014022778874127,,0.0018751507904318802,0.02960604574811422,0.0,0.0
