information,workload,capacity,lever,budget,method,miss_rate_mean,acceptance_mean,p95_latency_ms_mean,p99_latency_ms_mean,miss_rate_sd,acceptance_sd,p95_latency_ms_sd,p99_latency_ms_sd
proactive,extreme,0.82,quantile,30,Diffusion-JCSO,,,,,,,,
proactive,extreme,0.82,quantile,30,GAN-JCSO,,,,,,,,
proactive,extreme,0.82,quantile,30,QuantileMLP-JCSO,,,,,,,,
proactive,extreme,0.82,quantile,40,Diffusion-JCSO,20.857416898817416,90.8859761241474,14.96,18.46399041656468,,,,
proactive,extreme,0.82,quantile,40,GAN-JCSO,,,,,,,,
proactive,extreme,0.82,quantile,40,QuantileMLP-JCSO,19.61358255477306,91.03830564206226,14.96,17.471620604638964,,,,
proactive,extreme,0.82,quantile,50,Diffusion-JCSO,22.2370244892726,87.56660235091766,14.96,25.782625784550603,4.51240656819322,3.48647814732562,0.0,8.89011838540184
proactive,extreme,0.82,quantile,50,GAN-JCSO,21.73124210422624,87.85141914226323,14.96,24.904247447486814,3.722819399772775,2.9443652072442315,0.0,8.372323649372328
proactive,extreme,0.82,quantile,50,QuantileMLP-JCSO,21.943069698785862,87.53985418083762,14.960000000000003,25.880660146774744,4.076679171683354,3.3530152753595868,0.0,8.388324619186795
proactive,extreme,0.82,quantile,60,Diffusion-JCSO,24.44747702939165,85.11380629743866,14.96,32.65050319010749,2.9288700312913645,2.5070358072470214,0.0,6.700104866260196
proactive,extreme,0.82,quantile,60,GAN-JCSO,15.625,91.25,14.96,19.927839549544405,,,,
proactive,extreme,0.82,quantile,60,QuantileMLP-JCSO,20.01617618669749,87.96414639023763,14.959999999999999,25.78614169956635,4.291795865195033,3.5773878410221975,0.0,9.369955992061984
proactive,extreme,0.82,scale,30,Diffusion-JCSO,35.61533198022711,85.15081273966616,14.96,25.7613815780027,7.245340965257496,3.7949387075556595,0.0,8.825351527972064
proactive,extreme,0.82,scale,30,GAN-JCSO,33.83482069645754,85.70897708596814,14.96,24.367321629029426,5.478573585056997,3.074424095560688,0.0,7.188922368744645
proactive,extreme,0.82,scale,30,MovingAverage-JCSO,38.23946300565704,84.42822903457126,14.960000000000003,25.043927892077935,8.4217730031298,4.08280907628008,0.0,8.156708663940602
proactive,extreme,0.82,scale,30,QuantileMLP-JCSO,32.61411609085049,85.49779932372569,14.960000000000003,26.11888443097468,6.194097448881139,3.672609105418086,0.0,8.594918465465204
proactive,extreme,0.82,scale,40,Diffusion-JCSO,29.121000803464945,85.94028343221134,14.960000000000003,25.956346340817827,10.248742183991814,4.546857527385577,0.0,8.395842491553982
proactive,extreme,0.82,scale,40,GAN-JCSO,25.778942799672794,87.30704867049224,14.96,24.482104614324495,4.357621587036349,2.971696152979688,0.0,7.303907780318882
proactive,extreme,0.82,scale,40,MovingAverage-JCSO,27.576602570870353,86.49505691787562,14.960000000000003,25.32160715505959,5.764017427152993,3.476672475116481,0.0,8.117529886212917
proactive,extreme,0.82,scale,40,QuantileMLP-JCSO,25.35964226546138,87.01505920887591,14.960000000000003,25.90610800481516,4.42784228917021,3.3386902725887557,0.0,8.393481833827307
proactive,extreme,0.82,scale,50,Diffusion-JCSO,23.884752921167127,87.09616457385067,14.960000000000003,25.886936893153965,6.296221023367179,3.630945371703995,0.0,8.39174813424463
proactive,extreme,0.82,scale,50,GAN-JCSO,24.932718376590465,86.73002735491252,14.960000000000003,25.959938937726257,10.70878677461243,4.8594615418652864,0.0,8.390556155133432
proactive,extreme,0.82,scale,50,MovingAverage-JCSO,23.21409973002101,87.25856281089426,14.960000000000003,25.734722448478294,4.74266268843472,3.367802487079328,0.0,8.342702129643392
proactive,extreme,0.82,scale,50,QuantileMLP-JCSO,22.02402170483655,87.54165863521507,14.960000000000003,25.881628819612096,4.057452359977275,3.236532992770292,0.0,8.389174958398973
proactive,extreme,0.82,scale,60,Diffusion-JCSO,21.22097618623699,87.63765923070946,14.960000000000003,25.845976359305467,5.186459444935676,3.4496816350963546,0.0,8.390286377061889
proactive,extreme,0.82,scale,60,GAN-JCSO,22.272793322539222,87.38602629273086,14.960000000000003,25.899795576308225,8.347937072883807,3.9356987195008037,0.0,8.385650669735504
proactive,extreme,0.82,scale,60,MovingAverage-JCSO,20.98880315597895,87.6344301722527,14.960000000000003,25.710832899858787,4.452596331557844,3.3737604467158304,0.0,8.350541888783871
proactive,extreme,0.82,scale,60,QuantileMLP-JCSO,20.224719252255852,87.89121432808547,14.960000000000003,25.851302278303336,4.106234471048838,3.2687535932966205,0.0,8.388063853679611
proactive,extreme,1.0,quantile,30,Diffusion-JCSO,,,,,,,,
proactive,extreme,1.0,quantile,30,GAN-JCSO,,,,,,,,
proactive,extreme,1.0,quantile,30,QuantileMLP-JCSO,,,,,,,,
proactive,extreme,1.0,quantile,40,Diffusion-JCSO,14.682996740630799,94.4047622359668,8.75899151220386,14.96,3.680009320180383,1.8223817552044326,1.1985732572659522,0.0
proactive,extreme,1.0,quantile,40,GAN-JCSO,19.88700459219278,91.31705309848715,11.620987515571432,17.090822544068182,9.003518116471888,5.400570116895378,4.722076740411965,3.0134381408315623
proactive,extreme,1.0,quantile,40,QuantileMLP-JCSO,16.61388078359149,93.32912401445385,10.493939992122996,15.310797406122251,4.71385572734144,2.397166271357475,3.378098895290668,0.7015948122445009
proactive,extreme,1.0,quantile,50,Diffusion-JCSO,16.191357658242026,92.53924064388164,12.69712611218067,17.410110286828047,4.661321281824843,2.9504693697685918,3.472580899786362,2.39777857028707
proactive,extreme,1.0,quantile,50,GAN-JCSO,16.992925469843957,92.02409888475236,12.09781369048915,17.510759635888824,5.805776049886994,3.7734366868189104,3.3240529634529685,3.0242474726444706
proactive,extreme,1.0,quantile,50,QuantileMLP-JCSO,15.665872111731499,92.53071881817144,12.912038498307329,17.851465361580846,4.37634936768366,2.8866563654480486,3.375201593994773,2.7370712648932223
proactive,extreme,1.0,quantile,60,Diffusion-JCSO,20.852977802486254,89.78169007434094,14.96,20.01136016251674,3.064851130536571,2.004629753146568,0.0,2.0770849649885164
proactive,extreme,1.0,quantile,60,GAN-JCSO,10.259486441158373,95.66990863585951,9.225871652040167,14.96,,,,
proactive,extreme,1.0,quantile,60,QuantileMLP-JCSO,11.565960366819963,94.46461443096815,11.356930862729357,16.76170483099744,4.042876163092087,2.7567753280939695,4.049509255248504,2.54822243511526
proactive,extreme,1.0,scale,30,Diffusion-JCSO,48.16596584056664,79.27394211394724,14.437977879415646,17.730321636204295,8.41626588866356,4.409103614964261,1.5660663617530637,2.7994425766065887
proactive,extreme,1.0,scale,30,GAN-JCSO,40.929079010674414,82.53298812727763,13.731162070951102,18.249075253624213,11.254799660558003,6.471110003008218,2.4582434569355507,3.2939868608811667
proactive,extreme,1.0,scale,30,MovingAverage-JCSO,46.44694300990888,79.34843529449492,14.031203849406989,18.41745705150371,13.512278424320257,7.932508071309794,1.985704711910969,2.8488510297827494
proactive,extreme,1.0,scale,30,QuantileMLP-JCSO,39.5607851987677,82.34874403438604,13.75315521496363,18.55649186577729,12.7603313016199,8.023071589955183,2.401991580319334,3.5311071913777035
proactive,extreme,1.0,scale,40,Diffusion-JCSO,30.67201241062013,86.0857695778369,13.744448319401595,18.435781399617134,17.093195171218433,9.797829714080004,2.2529926693322784,3.862453457863567
proactive,extreme,1.0,scale,40,GAN-JCSO,23.824984213858023,89.44727914343713,12.980219614080818,17.959085788352613,6.883948212575029,4.125960793186061,2.65178951856381,3.2018612405937255
proactive,extreme,1.0,scale,40,MovingAverage-JCSO,29.38440400889811,86.90475703724567,13.225270366609077,18.096711038500935,11.102085570251667,6.108581799776342,2.9309829775005825,2.9910968204420736
proactive,extreme,1.0,scale,40,QuantileMLP-JCSO,22.33472069585842,89.94470795671062,13.178038704166516,18.204795752131886,6.987334137386154,4.4322683813894015,3.0645053242455074,3.1195079658357128
proactive,extreme,1.0,scale,50,Diffusion-JCSO,20.8983201298734,90.11406984067433,12.9207920865668,18.080609370631304,14.36871565337831,7.6781400575965595,3.3563835131681707,3.094186843109668
proactive,extreme,1.0,scale,50,GAN-JCSO,18.999834707799103,91.4427689447741,12.815836767614849,18.01330906364543,9.779228842521585,3.7870767963838508,3.1266128854660327,2.9388264521674317
proactive,extreme,1.0,scale,50,MovingAverage-JCSO,18.7744220687654,91.13097130653823,12.91841059791751,17.99414566693695,6.444036261508806,3.7910413921665183,3.3774857389153614,2.859440231419057
proactive,extreme,1.0,scale,50,QuantileMLP-JCSO,16.206599350255352,92.24216713475582,12.913252666342387,18.038368012473267,4.390424233172887,2.9382272915726446,3.3731089113936013,2.915812297412265
proactive,extreme,1.0,scale,60,Diffusion-JCSO,16.799967674194853,91.65231528032304,12.826493810488198,17.90789343103041,9.69053306250612,5.199079037936707,3.5108307003768546,2.765465410923986
proactive,extreme,1.0,scale,60,GAN-JCSO,15.907155370402773,92.39563006047888,12.708547307112589,17.93033176772962,7.547482079971022,3.16677652822268,3.349303120473894,2.822930662628124
proactive,extreme,1.0,scale,60,MovingAverage-JCSO,15.300274506958322,92.29236942364356,12.819649969376263,17.95442028617595,5.049105042264296,3.1169797527372065,3.5193946270213186,2.815910705046058
proactive,extreme,1.0,scale,60,QuantileMLP-JCSO,14.20229012022384,92.79381390413718,12.868130851858819,18.028758422485243,4.243895011702252,2.828883321045103,3.439174580565804,2.917653329804258
proactive,heavy,0.82,quantile,30,Diffusion-JCSO,,,,,,,,
proactive,heavy,0.82,quantile,30,GAN-JCSO,,,,,,,,
proactive,heavy,0.82,quantile,30,QuantileMLP-JCSO,,,,,,,,
proactive,heavy,0.82,quantile,40,Diffusion-JCSO,14.222202860725318,93.6345578354023,12.689956941650001,15.2495526990373,2.7887655793740787,1.7641587002631958,3.542604237064175,0.35510218528583914
proactive,heavy,0.82,quantile,40,GAN-JCSO,12.924882316559973,94.97385503490722,10.384072263390541,14.96,1.7068586039520428,1.2109942437935697,4.029524155430374,0.0
proactive,heavy,0.82,quantile,40,QuantileMLP-JCSO,14.239560029974179,93.538813747715,12.64407369732771,15.243573409523137,3.059993243963948,1.873173174939725,3.6245522595149233,0.3413643693747231
proactive,heavy,0.82,quantile,50,Diffusion-JCSO,14.008477023564076,92.73899947865884,13.039433986921239,16.37546144180552,3.1216952348846156,2.7873649278790325,3.8411320261575255,1.8818463491287318
proactive,heavy,0.82,quantile,50,GAN-JCSO,14.775838948641706,91.80687834231473,14.96,16.85856280226516,1.901235045495325,1.841878077086374,0.0,1.9963795040084007
proactive,heavy,0.82,quantile,50,QuantileMLP-JCSO,13.382610947797994,92.96844300008395,13.409384150233773,16.270026661751057,3.1754038176463353,2.3619906974018705,3.1056347057218514,2.127823048952666
proactive,heavy,0.82,quantile,60,Diffusion-JCSO,20.79670208909358,89.33836875576024,14.96,20.697865616212663,,,,
proactive,heavy,0.82,quantile,60,GAN-JCSO,,,,,,,,
proactive,heavy,0.82,quantile,60,QuantileMLP-JCSO,9.562606564906687,95.3943316053205,10.787257181684629,15.248276925287344,3.5013185717258835,2.3867704291797085,5.90114948595653,0.40768513746057644
proactive,heavy,0.82,scale,30,Diffusion-JCSO,26.975217793411428,89.69935879287684,13.664173551594896,16.269656870123008,14.329847995442371,6.150806365296225,2.736722961626178,2.082770217204582
proactive,heavy,0.82,scale,30,GAN-JCSO,22.627970982712657,90.88748966792332,13.737371929628987,16.195922761731158,4.885365239264044,2.5467012452345212,2.577620944282077,2.05349207354258
proactive,heavy,0.82,scale,30,MovingAverage-JCSO,26.061476840635112,90.42341377679546,13.735617867985658,16.169571281300115,7.0094396018321055,3.0703409929172785,2.5928077415815123,2.054295323813361
proactive,heavy,0.82,scale,30,QuantileMLP-JCSO,21.364169116611865,91.45326052517537,13.635179272580634,16.179330321030452,4.634817964032674,2.6077534421541566,2.815985616068754,2.06590610825533
proactive,heavy,0.82,scale,40,Diffusion-JCSO,18.79236710323809,91.808196488118,13.591800384505579,16.20398574841329,9.466722062025633,3.3917059534403737,2.903598416993625,2.0550421343927936
proactive,heavy,0.82,scale,40,GAN-JCSO,16.782090776456226,92.18817123356395,13.592665402612829,16.179292617151276,3.5144938326336277,2.376553912993236,2.901564805568277,2.037788367510012
proactive,heavy,0.82,scale,40,MovingAverage-JCSO,18.025119878820004,91.88995695953919,13.580290399694416,16.146612594974304,4.940677345449058,2.655661274479252,2.9328580520528287,2.045978848226007
proactive,heavy,0.82,scale,40,QuantileMLP-JCSO,15.945327292459359,92.3671853150077,13.582712462689832,16.165284531730602,3.8207508572246796,2.349945522534646,2.925177133773327,2.0439137798809868
proactive,heavy,0.82,scale,50,Diffusion-JCSO,15.298200478881398,92.52677280479314,13.5458543694316,16.181589865553043,6.2797552271461585,2.7231332887811903,3.013710286817134,2.040142192603908
proactive,heavy,0.82,scale,50,GAN-JCSO,13.999544098467666,92.74039065721351,13.439455483206123,16.166948336217068,3.1726425581370927,2.30125716937167,3.279361253993583,2.0301797687625607
proactive,heavy,0.82,scale,50,MovingAverage-JCSO,14.822211064674516,92.49459511983552,13.51300756647289,16.163928695104435,3.755382640589403,2.340965145161733,3.0942174631270865,2.025530874695798
proactive,heavy,0.82,scale,50,QuantileMLP-JCSO,13.772334769484313,92.84594778326337,13.522802856755439,16.1804489593271,3.1479375333285247,2.2109987236223714,3.070101116141157,2.0249548356023612
proactive,heavy,0.82,scale,60,Diffusion-JCSO,13.478166807321205,92.94190331729502,13.4681231743207,16.169159462783345,4.497410437217435,2.4999869368159064,3.185622532643205,2.0337496500086107
proactive,heavy,0.82,scale,60,GAN-JCSO,12.786433498534652,93.06287054738729,13.426644297987362,16.16121628439358,3.155204980044897,2.309565640696085,3.312108949477461,2.0216436298492813
proactive,heavy,0.82,scale,60,MovingAverage-JCSO,13.379816844919299,92.83985081882591,13.510099225317642,16.14521217444561,3.2276836579498474,2.2332551145158717,3.1013258380986497,1.9752162893396201
proactive,heavy,0.82,scale,60,QuantileMLP-JCSO,12.782688626193272,93.10106544480776,13.570702908814397,16.15536039559045,3.037341254667539,2.182170027785727,2.9536885675901337,1.9959307247338813
proactive,heavy,1.0,quantile,30,Diffusion-JCSO,,,,,,,,
proactive,heavy,1.0,quantile,30,GAN-JCSO,,,,,,,,
proactive,heavy,1.0,quantile,30,QuantileMLP-JCSO,,,,,,,,
proactive,heavy,1.0,quantile,40,Diffusion-JCSO,13.53617802056223,93.99711666448027,9.116691668508379,14.046816048233943,4.2936262680788,2.2783969011099714,3.642843934126847,1.8715953234493479
proactive,heavy,1.0,quantile,40,GAN-JCSO,12.830103376204969,94.5263687399517,7.884180934141161,13.542844144438009,3.9955851162010254,2.2312696818431648,2.2855256542822047,2.5053926129637563
proactive,heavy,1.0,quantile,40,QuantileMLP-JCSO,12.257580227680682,94.5313185572063,9.287178906098413,13.599179256154681,3.994544733624288,2.3336719020805887,4.1255198924122425,2.3880455417960444
proactive,heavy,1.0,quantile,50,Diffusion-JCSO,12.340021753850667,93.99741405978259,11.75543134690384,14.96,2.386728468863728,0.7426144293746421,3.962348517113198,0.0
proactive,heavy,1.0,quantile,50,GAN-JCSO,,,,,,,,
proactive,heavy,1.0,quantile,50,QuantileMLP-JCSO,7.073236623234267,96.84801768737934,6.185067101551604,12.25557321221219,2.3579162127329814,1.5170709917220309,1.7843004679858738,3.376361112290835
proactive,heavy,1.0,quantile,60,Diffusion-JCSO,11.85195241065504,94.375,10.02473870425622,14.96,,,,
proactive,heavy,1.0,quantile,60,GAN-JCSO,,,,,,,,
proactive,heavy,1.0,quantile,60,QuantileMLP-JCSO,3.511137484920712,98.87626987875456,5.15220824803189,8.8,,,,
proactive,heavy,1.0,scale,30,Diffusion-JCSO,40.575782890640184,81.37539558517385,13.815605648972928,15.418874250994019,13.904343601126708,7.057597474049727,1.8629841674145116,1.4510877927448884
proactive,heavy,1.0,scale,30,GAN-JCSO,31.913234987035906,85.38346550483489,13.333906606959323,14.960000000000003,6.781493520533928,4.326283365825638,2.436029092784143,0.0
proactive,heavy,1.0,scale,30,MovingAverage-JCSO,31.52632176483443,86.41614238959144,12.416279026931987,14.866797667594714,8.10939825815089,3.8919316511105913,3.1444671289438624,0.20876057636105094
proactive,heavy,1.0,scale,30,QuantileMLP-JCSO,28.714768916687298,87.15715720188457,12.500719606849524,14.450615440812632,8.672274366050011,4.87766910422755,3.428389413049857,1.105192730699923
proactive,heavy,1.0,scale,40,Diffusion-JCSO,19.00430680055498,91.68142082966001,10.096393182526281,14.025794567549193,12.099024438073409,4.829566144286477,3.4565890900380287,1.615514487713616
proactive,heavy,1.0,scale,40,GAN-JCSO,14.432647302251647,93.48898969433301,8.945289306264664,13.565703256073173,4.551011761708086,2.6822936357473797,2.7879016900097704,2.4353201839714735
proactive,heavy,1.0,scale,40,MovingAverage-JCSO,15.580495650892805,93.1730587836787,9.780147871954416,13.656373634242772,5.503616860585148,2.7657028587596106,3.8104504221228375,2.5692587909136764
proactive,heavy,1.0,scale,40,QuantileMLP-JCSO,12.03539688634025,94.64188210207617,8.7148022695055,13.386541277895063,3.912332849796653,2.060933634714079,3.083007272781414,2.641398669654492
proactive,heavy,1.0,scale,50,Diffusion-JCSO,10.65934796510016,95.21614782204817,7.973857029574693,13.217631899481859,7.096156986333002,3.069977402241334,3.424796186173269,2.811030915770951
proactive,heavy,1.0,scale,50,GAN-JCSO,8.265047029518836,96.05181307384761,7.2922315408255205,13.01788393901854,2.240627860550439,1.5395144101389984,2.1538346365655077,3.167410477101176
proactive,heavy,1.0,scale,50,MovingAverage-JCSO,9.917622406571569,95.38770914380248,8.006506421364744,13.119344717772375,3.5094995599597967,1.9178383997931656,3.0770552007093404,2.963803985467069
proactive,heavy,1.0,scale,50,QuantileMLP-JCSO,7.980183293091055,96.24305394127273,7.128493975682065,13.148395881577793,2.4267117005636907,1.4824344285369637,2.1205387632836334,2.9186412095424625
proactive,heavy,1.0,scale,60,Diffusion-JCSO,7.957443930523492,96.22014174487168,7.304626344852518,13.016901419782277,3.804814188830261,1.9743972552531002,2.7638116029733033,3.139373577896018
proactive,heavy,1.0,scale,60,GAN-JCSO,6.92780283775839,96.56073363466115,6.892834413816141,12.95096620655535,2.279865258016279,1.54102015536162,2.1743115573535765,3.260605315858161
proactive,heavy,1.0,scale,60,MovingAverage-JCSO,7.71560852615909,96.22786855701568,7.146501266878417,13.061376638940814,2.6215821722388255,1.572804608629867,2.350077326753624,3.0580311764861983
proactive,heavy,1.0,scale,60,QuantileMLP-JCSO,7.030698442468461,96.51887812977718,6.995777298436143,13.034830504773748,2.4699077660940914,1.552511046103137,2.1949832591033718,3.106924507499781
request_observed,extreme,0.82,quantile,30,Diffusion-JCSO,,,,,,,,
request_observed,extreme,0.82,quantile,30,GAN-JCSO,,,,,,,,
request_observed,extreme,0.82,quantile,30,QuantileMLP-JCSO,,,,,,,,
request_observed,extreme,0.82,quantile,40,Diffusion-JCSO,,,,,,,,
request_observed,extreme,0.82,quantile,40,GAN-JCSO,,,,,,,,
request_observed,extreme,0.82,quantile,40,QuantileMLP-JCSO,8.333333333333332,93.95833333333331,14.96,18.428842461832463,,,,
request_observed,extreme,0.82,quantile,50,Diffusion-JCSO,14.285714285714286,90.44642857142857,14.959999999999999,22.908745175804118,3.8033571740832857,3.01046729923916,0.0,7.568050611491404
request_observed,extreme,0.82,quantile,50,GAN-JCSO,15.18413671406878,89.58333333333334,14.960000000000003,25.260634056177366,2.2665077907573807,2.2047927592204966,0.0,7.299525829758423
request_observed,extreme,0.82,quantile,50,QuantileMLP-JCSO,15.428671950189505,89.4375,14.960000000000003,25.829958111869768,3.9868574159588652,3.246926965951376,0.0,8.391226018849206
request_observed,extreme,0.82,quantile,60,Diffusion-JCSO,16.354166666666668,88.64583333333333,14.96,28.26046610353207,4.298268923734384,3.917922375537918,0.0,10.344006221000717
request_observed,extreme,0.82,quantile,60,GAN-JCSO,11.666666666666666,92.5,14.96,19.928051346171134,,,,
request_observed,extreme,0.82,quantile,60,QuantileMLP-JCSO,16.071428571428573,89.22619047619047,14.959999999999999,25.74789676936454,3.6807427325870066,3.3500325750607636,0.0,9.371547486014332
request_observed,extreme,0.82,scale,30,Diffusion-JCSO,18.1353224563576,89.46469258307245,14.96,25.668931248741703,7.865432553883852,3.4339041897785987,0.0,8.797625127400565
request_observed,extreme,0.82,scale,30,GAN-JCSO,15.643904429077114,89.9897731092222,14.96,24.535003124792862,3.4766235535976304,2.6884751741163373,0.0,7.402056823755143
request_observed,extreme,0.82,scale,30,MovingAverage-JCSO,15.662717477042126,89.38717911209123,14.960000000000003,24.808375119859935,4.045734596865299,3.2746992497891783,0.0,8.029713309291946
request_observed,extreme,0.82,scale,30,QuantileMLP-JCSO,17.14071705729045,89.27873295560826,14.960000000000003,25.883285172151574,5.853519852968002,3.464160700825797,0.0,8.404832861660916
request_observed,extreme,0.82,scale,40,Diffusion-JCSO,17.387702622734626,89.17973206322218,14.960000000000003,25.87682677380094,7.14986698268668,3.3855922322844787,0.0,8.38105351827338
request_observed,extreme,0.82,scale,40,GAN-JCSO,14.71948342933023,90.10850222464781,14.96,24.49306746741681,3.454518365585274,2.6796280375058537,0.0,7.357250086860056
request_observed,extreme,0.82,scale,40,MovingAverage-JCSO,15.246093552425785,89.54575589487305,14.960000000000003,25.096339564897278,4.002778570691052,3.2234333314130867,0.0,8.079693987402607
request_observed,extreme,0.82,scale,40,QuantileMLP-JCSO,15.5,89.4375,14.960000000000003,25.852315974464926,4.041165490117735,3.246926965951376,0.0,8.392975857959588
request_observed,extreme,0.82,scale,50,Diffusion-JCSO,15.815469189237836,89.41849868476585,14.960000000000003,25.851099460000313,4.1187435187504065,3.250596576628783,0.0,8.392283658130516
request_observed,extreme,0.82,scale,50,GAN-JCSO,18.04581720336588,89.02096532832437,14.960000000000003,25.958066504750775,11.204203989614374,4.238679404040466,0.0,8.393579917468985
request_observed,extreme,0.82,scale,50,MovingAverage-JCSO,15.278755898276762,89.5,14.960000000000003,25.604232302545846,3.9841014257608087,3.235246665658475,0.0,8.344981000967818
request_observed,extreme,0.82,scale,50,QuantileMLP-JCSO,15.432772063915115,89.4375,14.960000000000003,25.831621684493502,3.9986821343222876,3.246926965951376,0.0,8.391339766982629
request_observed,extreme,0.82,scale,60,Diffusion-JCSO,15.407147299089393,89.4375,14.960000000000003,25.82697788176184,3.9486368598918085,3.246926965951376,0.0,8.390091833296733
request_observed,extreme,0.82,scale,60,GAN-JCSO,16.562459936336232,89.42797748498818,14.960000000000003,25.933841210258258,6.843333541657204,3.297979514645221,0.0,8.391162259402861
request_observed,extreme,0.82,scale,60,MovingAverage-JCSO,15.297708255992939,89.5,14.960000000000003,25.623391088213385,3.977987104688823,3.235246665658475,0.0,8.336807369529264
request_observed,extreme,0.82,scale,60,QuantileMLP-JCSO,15.416666666666666,89.4375,14.960000000000003,25.814195436928095,3.988070559822563,3.246926965951376,0.0,8.38989869745969
request_observed,extreme,1.0,quantile,30,Diffusion-JCSO,,,,,,,,
request_observed,extreme,1.0,quantile,30,GAN-JCSO,,,,,,,,
request_observed,extreme,1.0,quantile,30,QuantileMLP-JCSO,,,,,,,,
request_observed,extreme,1.0,quantile,40,Diffusion-JCSO,8.64989412564936,96.03084252839659,8.740744366658213,14.96,1.626195867786478,0.3099354686369234,1.3302191940082917,0.0
request_observed,extreme,1.0,quantile,40,GAN-JCSO,,,,,,,,
request_observed,extreme,1.0,quantile,40,QuantileMLP-JCSO,6.504319951724969,96.51407469563169,9.960736613977145,15.661855225379208,2.415623259638142,1.9764681191458846,5.053966172999955,1.2156489099144927
request_observed,extreme,1.0,quantile,50,Diffusion-JCSO,9.066071445070222,94.82927258496845,11.987355357204711,17.080656655633415,4.009761054754429,2.828217101374403,4.254270420000365,2.3939293232011054
request_observed,extreme,1.0,quantile,50,GAN-JCSO,10.045941734154862,94.36593080640425,11.506226022910623,17.466995694688258,5.00686765130311,3.377523139261573,4.1029158031258195,2.9591015538788508
request_observed,extreme,1.0,quantile,50,QuantileMLP-JCSO,9.818090531632857,94.25731659722526,12.659329324864796,17.90798875105787,4.244966146638753,2.8416855956122724,3.7960648062987716,2.972772255156874
request_observed,extreme,1.0,quantile,60,Diffusion-JCSO,13.967124745069396,92.02250293073615,14.96,19.677252296320834,0.4169448139407056,1.2588491309489793,0.0,2.1719397815962393
request_observed,extreme,1.0,quantile,60,GAN-JCSO,6.458333333333334,96.875,9.226623522623257,14.96,,,,
request_observed,extreme,1.0,quantile,60,QuantileMLP-JCSO,8.898809523809524,95.29761904761905,11.674998877121663,16.90068275418472,4.183497751780612,2.5483096898007247,4.219644017266082,2.3470749194985956
request_observed,extreme,1.0,scale,30,Diffusion-JCSO,29.591545409005214,84.92568690082297,14.21620518630593,17.476133225188725,8.655054962006336,3.983211316065284,2.0625604677556284,2.4649667526749965
request_observed,extreme,1.0,scale,30,GAN-JCSO,22.7413258534775,87.45949763263849,13.619688269277567,18.31590071042947,10.772072500974842,6.036582806520616,2.771120404655127,3.43485703838457
request_observed,extreme,1.0,scale,30,MovingAverage-JCSO,24.871628619416178,85.47138813937451,13.54988490925435,18.206776939889657,10.847177291408203,7.222283697028091,2.9727838692587265,3.121004958187885
request_observed,extreme,1.0,scale,30,QuantileMLP-JCSO,22.967381209496896,87.23872377466552,13.394027410355523,18.21100845415848,13.415032090546642,7.134018857890387,2.9739886959720825,3.172600182494243
request_observed,extreme,1.0,scale,40,Diffusion-JCSO,19.82259030933889,89.39611354170742,13.490271387712411,18.117999224922173,16.87976939106685,8.356160361669469,2.821945979662401,3.263641678638773
request_observed,extreme,1.0,scale,40,GAN-JCSO,13.253615118535759,92.30389442578198,12.656780666273837,18.027920352931055,7.146652747495377,4.190804434607878,3.3133100243581795,3.338304983275608
request_observed,extreme,1.0,scale,40,MovingAverage-JCSO,16.71611814751004,90.50241023120941,12.850587339031708,18.090293934881835,9.289920382839574,5.574435361189832,3.7104078939382945,3.1229943183771653
request_observed,extreme,1.0,scale,40,QuantileMLP-JCSO,12.72353775662344,92.5828229370816,12.702712759131257,18.128254868096562,7.122692359126972,4.3107959240054425,3.746446210281338,3.183016462352815
request_observed,extreme,1.0,scale,50,Diffusion-JCSO,13.42551784055885,92.38133535642234,12.581178715580204,17.998109599412505,12.028814790967289,6.923167445892959,3.9564418927047917,3.0471755770973785
request_observed,extreme,1.0,scale,50,GAN-JCSO,12.24100594940323,93.78718358358934,12.369573169394553,17.87494873050067,9.323183785003188,3.157633900901446,3.697033169901115,2.8676558266035084
request_observed,extreme,1.0,scale,50,MovingAverage-JCSO,10.633685042768159,93.72593834915065,12.60688387201226,17.92475168209335,4.779753529662982,3.3336673679162594,3.9342226858702634,2.858448236130466
request_observed,extreme,1.0,scale,50,QuantileMLP-JCSO,10.062016487269178,94.07913782187791,12.662000116643574,17.978219287599796,4.268437354470962,2.9143439831046263,3.7903586875355866,2.9340791790756517
request_observed,extreme,1.0,scale,60,Diffusion-JCSO,11.232525027979829,93.4902148320283,12.581656095805453,17.74417386414699,7.189241766503865,4.580604641747792,3.952061893776972,2.6347953710138636
request_observed,extreme,1.0,scale,60,GAN-JCSO,10.312929256757027,94.4477074090866,12.361399571755031,17.74871710341256,5.690719930656578,2.798463835156303,3.8281687947194754,2.6631263529949534
request_observed,extreme,1.0,scale,60,MovingAverage-JCSO,9.39915661348272,94.38213233919483,12.577192788525155,17.76158672885505,3.7938076770037457,2.7801755492359046,3.957897793829684,2.6546057490474615
request_observed,extreme,1.0,scale,60,QuantileMLP-JCSO,9.503449973795952,94.42050955186826,12.655808838224576,17.811961224971945,3.8343996800298186,2.7485856846746306,3.800128432002374,2.708434853678561
request_observed,heavy,0.82,quantile,30,Diffusion-JCSO,,,,,,,,
request_observed,heavy,0.82,quantile,30,GAN-JCSO,,,,,,,,
request_observed,heavy,0.82,quantile,30,QuantileMLP-JCSO,,,,,,,,
request_observed,heavy,0.82,quantile,40,Diffusion-JCSO,7.166666666666667,95.83333333333333,11.685843027301349,15.0780000411136,2.5668154718769065,1.749255794140281,4.576820410333483,0.17681886257538076
request_observed,heavy,0.82,quantile,40,GAN-JCSO,5.3125,96.97916666666667,10.09421399473782,14.96,1.9150808657135665,1.6204530402191648,6.778273893321003,0.0
request_observed,heavy,0.82,quantile,40,QuantileMLP-JCSO,7.166666666666667,95.83333333333333,11.664180435096146,15.07886400671552,2.5668154718769065,1.749255794140281,4.594824956800698,0.17852258078182548
request_observed,heavy,0.82,quantile,50,Diffusion-JCSO,8.657407407407408,94.76851851851852,13.134627187985513,15.63097312242447,2.639574106944032,1.9444444444444515,3.678995072166172,1.3214583472636983
request_observed,heavy,0.82,quantile,50,GAN-JCSO,9.54668048512451,94.02519680115319,14.940931057197469,16.329421310532815,2.3890714073938986,1.839391122029727,0.038137885605064856,1.8666407842614448
request_observed,heavy,0.82,quantile,50,QuantileMLP-JCSO,9.298678942167726,94.40861201843016,13.384052783997268,16.085981495822427,3.0199857269494603,2.0869969334788143,3.347320439125663,1.9047062511386268
request_observed,heavy,0.82,quantile,60,Diffusion-JCSO,14.987168202004096,91.04487461616564,14.96,20.19427941591093,,,,
request_observed,heavy,0.82,quantile,60,GAN-JCSO,,,,,,,,
request_observed,heavy,0.82,quantile,60,QuantileMLP-JCSO,6.666666666666667,96.35416666666666,10.441576124641415,15.248305104886153,3.2409060804383434,2.209708691207961,6.390016325082511,0.40772498943139385
request_observed,heavy,0.82,scale,30,Diffusion-JCSO,13.282488183474646,93.74769097956475,13.329617670872121,16.124062813606063,14.532397616077057,3.7123653939835886,3.4976604290679494,1.9626884968201024
request_observed,heavy,0.82,scale,30,GAN-JCSO,9.461736166443071,94.36002242426794,13.332803163678417,16.069871466142665,3.199051442437153,2.1677079613437606,3.493135856675004,1.9399273767328076
request_observed,heavy,0.82,scale,30,MovingAverage-JCSO,9.312194298426276,94.42832075565153,13.330577665035213,16.058631256856692,3.0582784152594944,2.105311472779948,3.494919060535588,1.9360938867831177
request_observed,heavy,0.82,scale,30,QuantileMLP-JCSO,9.224077022075878,94.45833333333333,13.39680118611749,16.066296516511574,2.919724391035522,2.053489953141806,3.3280723374259216,1.9398470292593517
request_observed,heavy,0.82,scale,40,Diffusion-JCSO,10.44004592557108,94.29308700182582,13.322630363435351,16.10128712948206,6.05253813604223,2.370890011415569,3.5074255565402246,1.9263830522121523
request_observed,heavy,0.82,scale,40,GAN-JCSO,9.29602434797124,94.43538240716697,13.324886722612002,16.065212176898694,3.176878061834635,2.1556437222151548,3.502797538671952,1.9272661843271552
request_observed,heavy,0.82,scale,40,MovingAverage-JCSO,9.168899820013966,94.49114057881664,13.323551796258661,16.04812876206735,3.003077148926259,2.078209094533635,3.5048439998738106,1.926762032970604
request_observed,heavy,0.82,scale,40,QuantileMLP-JCSO,9.218945605553452,94.45392143534944,13.38943971542956,16.058893260748796,2.9348786401910827,2.0571873708257096,3.3388531742137095,1.9285979294751954
request_observed,heavy,0.82,scale,50,Diffusion-JCSO,9.317780718078852,94.37499999999999,13.316574881441266,16.09138084921858,3.2449885002633625,2.2157022407699816,3.5158934343285377,1.9172223469534067
request_observed,heavy,0.82,scale,50,GAN-JCSO,9.270595345524272,94.41084484344718,13.31870589145611,16.087290768338356,3.207595833602761,2.1594389089186046,3.5115282097645415,1.9063824031116323
request_observed,heavy,0.82,scale,50,MovingAverage-JCSO,9.170974235309183,94.47916666666666,13.317471449703215,16.04204785264985,3.037411531568301,2.093148176819663,3.513422700534403,1.9178367404829801
request_observed,heavy,0.82,scale,50,QuantileMLP-JCSO,9.2716014650207,94.41718657475715,13.38305956361548,16.08393643874752,2.999343245292759,2.077221740126719,3.348202312753153,1.906002233463929
request_observed,heavy,0.82,scale,60,Diffusion-JCSO,9.305146000578436,94.37499999999999,13.312079672732818,16.084309807043716,3.269662857138736,2.2157022407699816,3.521262672772144,1.9092263831682066
request_observed,heavy,0.82,scale,60,GAN-JCSO,9.307624343589003,94.39583333333333,13.313294076230838,16.08078826634895,3.2529844222864095,2.1793830888919343,3.5191791939665547,1.899030553021404
request_observed,heavy,0.82,scale,60,MovingAverage-JCSO,9.190471896081437,94.46167875336145,13.312145582346929,16.06083616696619,3.055796040081833,2.0963052595225435,3.5209438971627423,1.8993364735654787
request_observed,heavy,0.82,scale,60,QuantileMLP-JCSO,9.28178167307799,94.39750914383437,13.377499630618109,16.079417145314274,3.025669253950293,2.102685952339508,3.3563315912353517,1.8980835167560186
request_observed,heavy,1.0,quantile,30,Diffusion-JCSO,,,,,,,,
request_observed,heavy,1.0,quantile,30,GAN-JCSO,,,,,,,,
request_observed,heavy,1.0,quantile,30,QuantileMLP-JCSO,,,,,,,,
request_observed,heavy,1.0,quantile,40,Diffusion-JCSO,6.436908231463441,96.33060026067604,7.3035059990844315,12.88400289588806,3.149508380332907,1.805301492131397,3.2629333862251952,3.5707866077538393
request_observed,heavy,1.0,quantile,40,GAN-JCSO,5.571536945674323,96.85501301220953,6.407628260605092,11.49677324459923,4.628991011737131,2.8515262811928124,2.3334809311163647,4.764521329012714
request_observed,heavy,1.0,quantile,40,QuantileMLP-JCSO,4.401269687958612,97.50365657735783,6.5352418949674504,11.861011871279096,3.116397139463859,1.9369043427212806,3.3909071441301823,4.316092147947804
request_observed,heavy,1.0,quantile,50,Diffusion-JCSO,4.292153826815359,97.36111111111113,6.322287867873045,11.576973954005423,3.745717079417127,2.285344815542259,2.096346913929092,5.8595729949914555
request_observed,heavy,1.0,quantile,50,GAN-JCSO,3.020833333333333,98.22916666666669,4.887359910909179,10.83831378377138,2.798964342196751,2.209708691207961,0.39545373883792967,5.8289445468367616
request_observed,heavy,1.0,quantile,50,QuantileMLP-JCSO,3.0729166666666665,98.17708333333333,5.759433734343423,11.643086229623533,2.1672103255655863,1.4846686739567787,2.1096932715865315,4.618580195952589
request_observed,heavy,1.0,quantile,60,Diffusion-JCSO,5.692207379153379,96.25134223917463,6.728546958610282,14.96,,,,
request_observed,heavy,1.0,quantile,60,GAN-JCSO,,,,,,,,
request_observed,heavy,1.0,quantile,60,QuantileMLP-JCSO,1.0416666666666663,99.79166666666669,4.59067793134119,6.688999185529274,,,,
request_observed,heavy,1.0,scale,30,Diffusion-JCSO,27.083528639486836,86.01483686402344,12.868144091663174,15.165346428369626,13.941179795033316,5.214414869000865,2.489192781628403,0.6493624230286317
request_observed,heavy,1.0,scale,30,GAN-JCSO,19.096351578077716,89.313280721106,12.043788048660058,14.955417087814492,7.086689594579765,4.201264028869834,3.185457815381661,0.014492440822749498
request_observed,heavy,1.0,scale,30,MovingAverage-JCSO,15.23563586025693,91.37238343175682,10.972002992502789,14.247368141117287,6.39886507063945,3.8027447320116776,3.6509729283570245,2.0315538363249956
request_observed,heavy,1.0,scale,30,QuantileMLP-JCSO,16.231884064910354,91.02470431619028,11.255551899412932,14.045052274298664,7.086841440869199,4.1385592316335815,3.341179693692813,1.6248300961618831
request_observed,heavy,1.0,scale,40,Diffusion-JCSO,11.516086575254944,93.82580377050085,9.560434508247196,13.61741505704922,8.434781682824378,3.9808519124784123,3.987277281635046,2.2354757855838
request_observed,heavy,1.0,scale,40,GAN-JCSO,7.721580529185109,95.61992974540776,7.959875749001839,13.032936010508674,4.255926242394468,2.567539998290519,3.156994096744356,3.5469536631506973
request_observed,heavy,1.0,scale,40,MovingAverage-JCSO,6.668559080893151,96.18504652985364,7.868624411164622,13.063059973589905,4.45090605044107,2.625701783838274,4.041693657119112,3.8722912374306064
request_observed,heavy,1.0,scale,40,QuantileMLP-JCSO,5.7522216224589116,96.66554223105634,7.408345479850294,12.468912698478395,3.512987473992275,2.0927617892658144,2.723699725434301,4.157887289706817
request_observed,heavy,1.0,scale,50,Diffusion-JCSO,5.238363105005286,96.96415354032543,7.229408625238652,12.520053364467081,4.60477209891102,2.6265884490261664,3.601512209149597,3.992597982208176
request_observed,heavy,1.0,scale,50,GAN-JCSO,3.792703268482608,97.71868711340528,5.97616572360244,12.42927497261292,2.146366516060773,1.4673662957461175,1.8483354355729136,4.139578548509657
request_observed,heavy,1.0,scale,50,MovingAverage-JCSO,3.89232522342295,97.696813906719,6.3550130404755425,12.232296582026633,2.5854230722328557,1.6706357596892676,2.6035704333848844,4.419967203384013
request_observed,heavy,1.0,scale,50,QuantileMLP-JCSO,3.4583333333333335,97.91666666666666,5.870434376370418,12.23215808712866,2.165508949957418,1.4231876063832802,1.8961058575988028,4.420811079734724
request_observed,heavy,1.0,scale,60,Diffusion-JCSO,3.8678057830214314,97.71588619407939,6.400321170726089,12.295991800256537,2.7059390186342003,1.717830132913086,2.5084284722486454,4.322869068155208
request_observed,heavy,1.0,scale,60,GAN-JCSO,3.482033325591188,97.91972500580661,5.761915294493408,12.311694187312499,2.073965513562813,1.4125174032240293,1.823943651056193,4.299510759493737
request_observed,heavy,1.0,scale,60,MovingAverage-JCSO,3.5,97.91666666666666,5.876823544987454,12.226297034487057,2.1646179773009186,1.4231876063832802,1.9329677572322823,4.429568736751764
request_observed,heavy,1.0,scale,60,QuantileMLP-JCSO,3.462092379292431,97.91666666666666,5.850596965074369,12.235028446007167,2.1604727604198506,1.4231876063832802,1.8980176376639362,4.4162415690595935
