information,workload,capacity,method,miss_rate_mean,acceptance_mean,mean_latency_ms_mean,p95_latency_ms_mean,p99_latency_ms_mean,isolation_mean,utilization_mean,fragmentation_mean,over_reservation_mean,miss_rate_sd,acceptance_sd,mean_latency_ms_sd,p95_latency_ms_sd,p99_latency_ms_sd,isolation_sd,utilization_sd,fragmentation_sd,over_reservation_sd
proactive,normal,0.82,Diffusion-JCSO,1.8958333333333333,99.31250000000001,3.1085204406710987,4.068599485799845,6.0661379429447795,0.9698197115384616,33.62180780602363,0.7466689485931031,37.90905270176359,1.1387618492831222,0.4397538944163224,0.08328832863359513,0.17383220521663795,3.4345788474629186,0.024047771300861633,0.40056752750679847,0.003151289271228037,0.9959482444073428
proactive,normal,0.82,GAN-JCSO,2.1041666666666665,99.22916666666667,3.1189516027663653,4.1015980227790125,6.284149730199985,0.9750360576923077,33.765011174567746,0.7456782415033815,38.429877722946856,1.2594166908670725,0.4611654921078828,0.08887346849721649,0.19413968040059798,3.4408463029547707,0.028541395034807893,0.8016503682907954,0.005036282574388531,3.1653261275469293
proactive,normal,0.82,QuantileMLP-JCSO,1.7291666666666665,99.375,3.090253977729405,4.055736004377317,5.60526060538331,0.9731730769230769,34.13846558578102,0.7429360182672721,40.09698457204124,1.1026150873556,0.35409857733282984,0.07611434705340385,0.17308238314241922,2.5733639406768964,0.023812492935731566,0.436783303344687,0.003010623191578096,0.6849926929747193
proactive,normal,0.82,MovingAverage-JCSO,3.1875,98.95833333333334,3.161464261600188,4.183537529945697,6.703668382477863,0.9482091346153846,32.95473048769296,0.7506240214905323,35.26712014057124,1.6581088159945994,0.47099513771703244,0.09457676120204195,0.2885376429119991,3.4552999664786643,0.02930931859611305,0.3958692758170773,0.0032639919276002526,0.6273414826880009
proactive,normal,0.82,Persistence-JCSO,9.416666666666668,97.45833333333333,3.336394589462773,4.70400324928863,8.980870585085198,0.9179807692307692,31.720634484683718,0.7581364510947515,30.519211942207484,2.9443134142753014,1.0290907529357103,0.1273989118165625,0.5804801017430038,2.605132483503292,0.03053222144676603,0.38287136604569355,0.003772962639210515,0.5061984563783332
proactive,normal,0.82,JointHeuristic,65.60416666666666,75.20833333333334,5.629109589604367,14.558193846736534,14.960000000000003,0.7503725961538461,25.768981126137373,0.8041967676174882,9.157765001902728,2.5880519927706156,3.4218569429874783,0.32020139973062395,1.270622622183252,0.0,0.04651148805588073,0.36506343059693486,0.003801082826515375,0.5318767695069043
proactive,normal,0.82,StaticReserve,16.041666666666664,92.5625,3.9446522648429623,9.113207798870992,12.877950324482692,1.0,30.462187370956638,0.7729904187389788,25.266341770910916,4.132965560101809,2.8055039874248666,0.40119127479834454,3.4961208004746434,2.9108128075064443,0.0,0.5444788052472762,0.0020769471657592913,2.623283425361466
proactive,normal,0.82,Independent,68.66666666666666,86.45833333333334,4.653246590297194,8.8,14.960000000000003,0.9948076923076924,25.256671333534012,0.8164984470535488,7.303235098636748,0.6379824487697673,1.508719512666696,0.1072000974352003,0.0,0.0,0.0044688269379315635,0.3873695812507204,0.00186861014973402,0.2979746189967326
proactive,normal,0.92,Diffusion-JCSO,1.4791666666666665,99.47916666666667,3.042828816985657,4.00353629644584,4.691383313195226,0.9247355769230768,30.191088440155095,0.770958487868148,37.74769688972077,0.7044419251619867,0.2820846668276395,0.03909140525595096,0.06451628533444322,0.6532184033533428,0.03564308463142696,0.3966691504004506,0.00329984038502375,0.9141558220434837
proactive,normal,0.92,GAN-JCSO,1.6875,99.39583333333334,3.06165932213697,4.015991769299123,4.81451334610665,0.9418749999999999,30.30339802083562,0.7708138948797632,38.271774434337146,0.9236372176761519,0.2854833998763074,0.05672338993744779,0.07811428495169674,0.7145993335081967,0.041868049152277896,0.7429673556547205,0.005211628972049042,3.1178440942277725
proactive,normal,0.92,QuantileMLP-JCSO,1.3124999999999998,99.54166666666666,3.0304597897004037,3.990497658727601,4.449246697765323,0.9370312499999999,30.675804449486616,0.7679922336955247,39.93867933137854,0.6058007913212329,0.16433554953054877,0.03381658934785433,0.0701383517153202,0.3978366381489266,0.028400529279083847,0.4105766422749888,0.0032837771111465636,0.6488218708465485
proactive,normal,0.92,MovingAverage-JCSO,3.333333333333333,98.83333333333334,3.118963122046336,4.132034748864547,5.827867559496379,0.8953846153846154,29.59203767157972,0.7743718729011867,35.140560060525154,1.3678969169161255,0.5826715823167498,0.0775193802865144,0.1702158043156196,1.360530959287889,0.039761041259997534,0.39220020998598853,0.00376235134314214,0.42046571041844627
proactive,normal,0.92,Persistence-JCSO,15.041666666666666,94.27083333333333,3.575050321598252,6.623613773925912,13.112,0.8459855769230769,28.53522021584181,0.7812013715860251,30.748414558103747,4.704624071519528,2.310006580344429,0.22884739934694717,1.7177587267000023,2.9755626918842317,0.042031433115959686,0.37243068259243267,0.004107534338507332,0.43827165993888323
proactive,normal,0.92,JointHeuristic,72.79166666666666,65.91666666666666,6.397944362036133,14.960000000000003,14.971271383100381,0.6238461538461539,23.430011991766293,0.8212122434202789,10.596476354849603,3.921244369764201,4.77826224933885,0.443704846930398,0.0,0.026669607745276568,0.05104437736834579,0.3477840111926833,0.0038703664968057117,0.7350466784546483
proactive,normal,0.92,StaticReserve,16.041666666666664,92.5625,3.9446522648429623,9.113207798870992,12.877950324482692,1.0,27.151080048026568,0.7976653732238724,25.266341770910916,4.132965560101809,2.8055039874248666,0.40119127479834454,3.4961208004746434,2.9108128075064443,0.0,0.48529632641605164,0.0018511920390463508,2.623283425361466
proactive,normal,0.92,Independent,68.35416666666667,86.45833333333334,4.643676946257162,8.8,14.960000000000003,0.9459134615384615,22.513477363812214,0.8364033712385265,7.303235098636748,0.7443848442145291,1.508719512666696,0.1071745301208436,0.0,0.0,0.01502355768461508,0.35028358269973103,0.0016268206570030665,0.2979746189967326
proactive,normal,1.0,Diffusion-JCSO,4.520833333333333,97.79166666666667,3.1671780412763963,4.373558783845181,8.042923092998635,0.8764543269230769,27.88672198577687,0.7871534282536282,37.893502878098374,2.6334922889202597,1.2887511899624493,0.13540740507034693,0.5483269834668362,3.001072521141299,0.04923920420580127,0.3675223889619751,0.0036676826730296717,0.8693386113414985
proactive,normal,1.0,GAN-JCSO,5.9375,97.04166666666667,3.251971875772546,4.7005748633889155,9.510030599819776,0.8953605769230769,28.00200018543377,0.7871833169075441,38.49944808170036,4.318137976769589,2.3830678432808012,0.22461339832990976,0.8583531728275325,4.142960621153589,0.0701671304805071,0.6591153727952648,0.005328919091459548,2.9602903105001848
proactive,normal,1.0,QuantileMLP-JCSO,1.75,99.3125,3.025780422703134,4.01047236214233,4.831860565152937,0.9048317307692308,28.303133582735303,0.7848338367656557,39.924084931883236,1.420474186171733,0.7286704660874757,0.09089164675363841,0.13793182530499698,1.4350860922494637,0.038067762538760166,0.3894979275101423,0.0034803636177019003,0.6736215930382335
proactive,normal,1.0,MovingAverage-JCSO,10.354166666666668,95.08333333333334,3.4355444573069533,5.905115094354397,12.754719999999974,0.8332932692307693,27.394152059603897,0.7901003136814964,35.601736860894846,4.381113453517563,2.4634676453134476,0.2537514340273472,1.6691546873194754,2.879473314803737,0.04990845575724923,0.3877568892513377,0.0038193850679839273,0.5907283535125138
proactive,normal,1.0,Persistence-JCSO,25.354166666666668,88.72916666666667,4.058830210229,9.416,14.960000000000003,0.7725841346153847,26.480645848702636,0.7962095461380136,31.583940389777506,5.254930444970844,2.9779442584059326,0.299676317161062,1.9479630386637217,0.0,0.049400466516572296,0.3607712815161623,0.004002817418268638,0.5984647725685345
proactive,normal,1.0,JointHeuristic,76.1875,59.5,6.948075449107142,14.960000000000003,16.85744052963897,0.5409134615384616,21.870279361397714,0.832854566283817,11.72370733646377,3.608506004764268,5.318918598900382,0.4958847744205416,0.0,2.4119687430491084,0.04391585625438216,0.32469890876161095,0.003449588102848447,0.8790673514151791
proactive,normal,1.0,StaticReserve,75.04166666666666,27.791666666666664,8.068435626221325,13.234043809629451,14.719909594639734,0.4346153846153847,24.978993644184442,0.8146346281201955,25.266341770910916,40.20549068823164,44.75501299599414,2.8322239812760053,2.798833568347009,0.7592325252915455,0.39015245085894634,0.4464726203027642,0.0022525189775202572,2.623283425361466
proactive,normal,1.0,Independent,67.83333333333334,86.45833333333334,4.622729064323092,8.8,14.960000000000003,0.8334134615384615,20.71247945222894,0.8492026807888889,7.303235098636748,0.7990638813134742,1.508719512666696,0.1078961238740381,0.0,0.0,0.023809000989258478,0.32245417161913004,0.0014088918259127327,0.2979746189967326
proactive,medium,0.82,Diffusion-JCSO,5.895833333333334,97.35416666666667,3.443732835133119,5.6052801615325025,11.708880968683625,0.9869591346153846,35.87148030725497,0.7288416112740764,40.53998275175962,2.4017137978257663,1.3751052148297116,0.21478926491398445,1.2319735887317818,3.718004021166142,0.01363360277249812,0.7973484800555921,0.005705660336947211,1.6810078385426717
proactive,medium,0.82,GAN-JCSO,6.9375,96.83333333333334,3.4864619098765766,5.99718151766154,11.223938111923413,0.9780168269230769,35.24608962579296,0.7337429371194075,37.57976184675533,2.664441345795622,1.5080800892378194,0.22942332657290326,1.268815045934537,3.512363324089786,0.02103693121597392,1.0700047742216725,0.00749180011389762,2.5237023318573644
proactive,medium,0.82,QuantileMLP-JCSO,5.604166666666666,97.41666666666666,3.4295366425265095,5.631653790882787,11.751968818291022,0.9869591346153846,36.250500044483616,0.725304397357221,41.845953266469756,2.0913041961275605,1.4204741861717387,0.21630064264919238,1.2545119944624692,3.6547339703741843,0.013173263351432053,0.7890876800040761,0.005207630516638884,1.360806490995284
proactive,medium,0.82,MovingAverage-JCSO,7.4375,96.875,3.496342315722994,5.998179010736382,11.791455198291724,0.9694471153846154,35.16844247481025,0.7336787668778845,37.806375845306206,2.445489833283172,1.416394309331335,0.22560768260874045,1.5710079852077938,3.6165533629005244,0.024577542422107995,0.7750611941711759,0.004970991435335928,1.257732183874351
proactive,medium,0.82,Persistence-JCSO,12.770833333333332,95.375,3.6795868567100647,6.978176683935493,13.112,0.9486658653846154,33.70832896258317,0.7439659514675835,32.08298592078451,3.8024241983175178,1.6689798761999806,0.2487885671627312,1.740368051083757,2.9755626918842317,0.027980492153774017,0.7047687704360284,0.005247162174437706,0.9811485813421192
proactive,medium,0.82,JointHeuristic,67.83333333333334,75.5625,5.759950432787409,14.960000000000003,14.960000000000003,0.8133894230769231,27.805617644625386,0.7934004314012254,9.977938793276088,2.8770457026798613,3.3879353166606574,0.30598926972691176,0.0,0.0,0.052817866529973626,0.6333400784942101,0.005485906420523069,0.5456734033759857
proactive,medium,0.82,StaticReserve,29.020833333333332,82.3125,5.030539894039072,13.524099849156437,19.06774769294836,1.0,32.3645441577784,0.7629198553523405,26.09390595982695,9.589898113814,6.886179182577805,0.7591576134545129,2.5141665747735518,4.553196390897785,0.0,0.973037092235831,0.006228779414896213,4.2176836634654284
proactive,medium,0.82,Independent,69.35416666666666,86.10416666666666,4.788790199475882,8.821611398682702,14.960000000000003,0.9952403846153846,27.38556935288718,0.8045820714414559,7.649020485904987,1.3229121099367451,1.8136836279983077,0.21852967357343434,0.06834124325929591,0.0,0.004761800197851623,0.65085876120124,0.004751617580629142,0.2709716205681587
proactive,medium,0.92,Diffusion-JCSO,5.270833333333334,97.77083333333333,3.3315657131990064,4.947328683568274,10.125825240877285,0.968329326923077,32.38576033197181,0.7573890791699978,40.08084780956641,2.435609824263604,1.2110043913225412,0.2041800235644566,0.8079806492236543,4.3250182325786675,0.02822619098543821,0.7638069877911867,0.005739282495750491,1.7816055826707886
proactive,medium,0.92,GAN-JCSO,6.875,96.95833333333333,3.406739886344943,5.4096664543483906,10.756324842493608,0.9596033653846154,31.816512112549503,0.7615881903911255,37.18259952531305,2.983687647075116,1.5658143859851485,0.23493034358388912,1.403696655343882,3.755465500082624,0.036767778853388985,0.9622434571057628,0.006738378693059034,2.4295875549710346
proactive,medium,0.92,QuantileMLP-JCSO,4.958333333333333,97.83333333333334,3.3231400275396497,4.907898727328936,10.20288196822937,0.9761538461538463,32.72452368635367,0.7547155565207543,41.38825151781296,2.0782345011993493,1.2584590322304787,0.20605539076643553,0.818134448225829,4.266537435742952,0.024413816258620172,0.7554791443692765,0.004869046609965305,1.4241317189631681
proactive,medium,0.92,MovingAverage-JCSO,7.229166666666667,97.08333333333334,3.4035213920687823,5.530798030018445,10.573478599400483,0.9459495192307692,31.778420557204196,0.7615156244389778,37.385388374013914,2.6316604214970587,1.3285504492853435,0.21733906328896543,1.5132561383166674,3.90246240125987,0.03336332217402699,0.7249568996726883,0.004909844052328946,1.2901179631650734
proactive,medium,0.92,Persistence-JCSO,15.4375,94.0625,3.7237154269778174,7.223740814916082,13.728,0.9065865384615384,30.469305292908796,0.7701491251641999,31.882180427572656,4.389251479396313,1.7981954689200121,0.2457820090077542,1.7045413469448043,2.5972840515516293,0.04025163641208994,0.6649293235913785,0.005239969862728303,0.9798335908677641
proactive,medium,0.92,JointHeuristic,70.8125,69.79166666666666,6.218753491173393,14.960000000000003,15.010685703270275,0.72390625,25.25023373946692,0.8126602789315782,10.934963733082295,2.7750855008516426,4.139960711330244,0.33786445619189415,0.0,0.13619872591133902,0.06907142959450181,0.654945268570917,0.0057252421739048005,0.5222058260758032
proactive,medium,0.92,StaticReserve,35.291666666666664,74.3125,5.517955351432667,13.560065585089763,19.04569442208693,0.9192307692307693,28.846658923237264,0.7885069691951198,26.09390595982695,24.504188354515644,26.991305541705074,1.693382149521735,2.533769204754924,4.574599723517967,0.25541473409052295,0.8672721909058491,0.005529330358995529,4.2176836634654284
proactive,medium,0.92,Independent,68.83333333333334,86.3125,4.743835362707571,8.8,14.960000000000003,0.959326923076923,24.448590879217146,0.8258838036963407,7.649020485904987,1.2076147288491164,1.5152580454973448,0.1675348747768754,0.0,0.0,0.015956903868391634,0.5991477299090175,0.004229846080353209,0.2709716205681587
proactive,medium,1.0,Diffusion-JCSO,6.166666666666666,97.41666666666666,3.3176149075346233,5.015986784802591,10.607543751675767,0.9395432692307691,30.063749924225874,0.7757099779025477,39.92362718626343,2.861920058239413,1.223484196974731,0.1748228592674265,0.9532293970610617,3.9630284645476626,0.04289378153881065,0.7256017408607147,0.0058719541913176635,1.7487437953828435
proactive,medium,1.0,GAN-JCSO,10.333333333333334,95.22916666666666,3.5174811749555714,6.14904048784282,12.319818663311956,0.9169711538461538,29.550541907360845,0.7791416024410117,37.22838052345655,5.806153610875828,2.7028969655117945,0.29101112096908466,1.7258452221943756,3.5713570028541604,0.06712832862591721,0.8753705354632628,0.006451825984407069,2.2019383720407704
proactive,medium,1.0,QuantileMLP-JCSO,4.729166666666666,98.04166666666666,3.2626969153246677,4.662047444870489,9.452228872921458,0.9586177884615384,30.36055037466025,0.7736334096018982,41.17561261762324,2.038995796470579,0.9531866631540893,0.15575903723238074,0.664891867630892,4.058988559587424,0.036003255293006194,0.7312368282571381,0.0049898983881040875,1.4389253460520735
proactive,medium,1.0,MovingAverage-JCSO,10.854166666666666,95.16666666666666,3.5320687527774597,6.384211609462686,13.728,0.9066466346153845,29.541980593846993,0.7793182181556337,37.433563557674916,3.3426519051883417,1.5768629977205564,0.196936776528255,1.4717685028430698,2.5972840515516293,0.045733205542347305,0.6893884055197249,0.004899010092472248,1.1530087010581398
proactive,medium,1.0,Persistence-JCSO,24.020833333333332,89.54166666666666,4.098022183684151,8.965634687876545,14.960000000000003,0.8403365384615384,28.403949882661585,0.7865106432958355,32.42494953756134,4.945741480940576,2.0642645837210187,0.19812915379108795,0.45194068822527145,0.0,0.053257300599865304,0.6261556889615456,0.00532987823444585,0.7551029693133224
proactive,medium,1.0,JointHeuristic,72.54166666666666,65.875,6.534462644800262,14.960000000000003,16.71521684092929,0.6556009615384616,23.48554263840025,0.8255560041815032,11.575251858150462,3.319996467349006,5.628685349656002,0.48575756974925893,0.0,1.9122153600147027,0.07834830430373008,0.6328772429493141,0.005552256251336618,0.691411053895326
proactive,medium,1.0,StaticReserve,35.291666666666664,74.3125,5.517955351432667,13.560065585089763,19.04569442208693,0.9192307692307693,26.538926209378285,0.8054264116595101,26.09390595982695,24.504188354515644,26.991305541705074,1.693382149521735,2.533769204754924,4.574599723517967,0.25541473409052295,0.7978904156333826,0.005086983930275895,4.2176836634654284
proactive,medium,1.0,Independent,68.16666666666667,86.375,4.7125801600137525,8.8,14.960000000000003,0.8649999999999999,22.5083035044788,0.839660315555084,7.649020485904987,1.1360058359265877,1.4272480642961236,0.1438452607640854,0.0,0.0,0.029754916057448424,0.5628482570250708,0.0037894930024890416,0.2709716205681587
proactive,heavy,0.82,Diffusion-JCSO,14.6875,92.58333333333334,4.289906863797171,13.578874474000656,16.182723509912115,0.9798798076923078,39.08225256479573,0.6991186354517127,47.7821519699117,2.9857073370424527,2.2095995670966215,0.43630903890260575,2.9342529941586717,2.026497502700554,0.025282905778845136,0.9730836017507559,0.009612989388707952,7.814412120236855
proactive,heavy,0.82,GAN-JCSO,15.875,92.375,4.324335876980108,13.580240509843609,16.173065518933104,0.9742908653846154,38.51918678773198,0.7038937809272163,42.62696915255363,3.3904254257985436,2.3306863292670035,0.4427801010561908,2.9310357339303357,2.034469171051081,0.038258446922746145,0.8474964727098917,0.007673421847035183,3.880035333337905
proactive,heavy,0.82,QuantileMLP-JCSO,14.291666666666666,92.72916666666667,4.271380745508813,13.514230168040655,16.18774195022793,0.9847235576923078,39.40122495301764,0.6963575666019282,46.2678201516566,3.2098060592926183,2.223198570239742,0.41500764481345015,3.0912911612579896,2.0247062280989807,0.01463754474603109,0.9424212269495649,0.008243807831403488,2.447521476440956
proactive,heavy,0.82,MovingAverage-JCSO,16.416666666666664,92.20833333333334,4.332311093631391,13.580198116087644,16.140786360445766,0.9668389423076924,38.303886908571585,0.7053607352252909,42.6541163971218,3.7817585236056783,2.3778004931417582,0.4334896531338206,2.9311204657008343,2.041100260500471,0.023659774273868634,1.240965223817287,0.01094234995050639,2.256954115972112
proactive,heavy,0.82,Persistence-JCSO,22.916666666666664,90.85416666666666,4.512145903573431,13.731594798546519,16.19854736112962,0.9475721153846154,36.55124092715687,0.7183824314160445,35.67356501887218,4.447698461557199,2.6433624362042742,0.44220041039001207,2.6006218391733023,2.025412427106722,0.033694448568827,1.2036171306868948,0.010729072175472898,1.6977877620820419
proactive,heavy,0.82,JointHeuristic,71.72916666666666,74.33333333333334,6.266738897996126,14.960000000000003,16.818430992973312,0.8446754807692308,30.427144442308805,0.774101739954156,11.84927398352336,3.517825528734661,2.9410357627925388,0.3195299374039763,0.0,2.4775634998466756,0.05896573176907532,1.1907777918911733,0.009081479853326855,0.7744319573236813
proactive,heavy,0.82,StaticReserve,48.6875,63.041666666666664,7.247632864572462,14.960000000000003,26.830499559993804,1.0,26.954235933563336,0.8058317280732845,30.705083875086338,12.032560153933353,12.885715605532615,1.0466435990843856,0.0,9.941958230998848,0.0,8.281282894250694,0.06145564170341429,8.42763916661177
proactive,heavy,0.82,Independent,71.45833333333334,84.41666666666666,5.15098448830192,11.471781397550473,14.960000000000003,0.995673076923077,30.307060467365922,0.7883009158098884,8.161995722057169,1.8425693279752215,1.9783745978410436,0.2748489464729193,3.0596808218113374,0.0,0.003532917898244897,1.2508493646719798,0.007455282544389877,0.29976457478337054
proactive,heavy,0.92,Diffusion-JCSO,11.208333333333332,95.16666666666667,3.8355515479986457,10.389931435361007,14.344,0.9672115384615385,35.33762912745672,0.732549781690279,46.27043872688794,2.478300891466162,1.4659194224398695,0.3145612944277917,4.201162305392122,1.9479630386637214,0.037375354428713176,0.9825066381603815,0.00908533693813727,7.450894159232622
proactive,heavy,0.92,GAN-JCSO,12.333333333333332,94.95833333333334,3.871775883539443,10.604696169606347,14.344,0.9616225961538462,34.7975339991771,0.737135347042387,41.16798590709621,2.612809731181745,1.660288722474288,0.32285736570060697,4.28777527991291,1.9479630386637214,0.04696781060950618,0.7905194399131462,0.006232554098996362,3.678639387078925
proactive,heavy,0.92,QuantileMLP-JCSO,10.791666666666668,95.27083333333334,3.8208624551342525,10.517495818803319,14.344,0.9750360576923077,35.61076529622778,0.7305302916590778,44.75309736725522,2.682030394502836,1.51525804549735,0.29983900336185204,4.380343966299366,1.9479630386637214,0.02270154163608526,0.9558067993393382,0.007404079682743365,2.1706962194500212
proactive,heavy,0.92,MovingAverage-JCSO,13.458333333333334,94.47916666666667,3.90212957142586,10.710494150942758,14.344,0.9454447115384615,34.66474141208239,0.7380321931072189,41.18135078577408,3.993146134238355,1.882059754564953,0.3342553814427148,4.230831966282059,1.9479630386637214,0.038115617294395554,1.2197829378124443,0.009645040318229122,1.9956538572487286
proactive,heavy,0.92,Persistence-JCSO,23.8125,91.10416666666666,4.268419230664879,11.653127005361378,14.960000000000003,0.9086418269230769,33.10292063511172,0.7490558819268923,34.53640940701008,5.6374604786329225,2.7323543018547527,0.37325295792083213,3.605779382754025,0.0,0.04748370156262231,1.189655118263449,0.00961468919288322,1.5380176961783367
proactive,heavy,0.92,JointHeuristic,72.97916666666666,70.02083333333333,6.457194542711645,14.960000000000003,16.64535662679886,0.7636057692307693,27.728866242892025,0.7968164944452731,12.179042511128051,4.043372587669361,3.5969943085242133,0.33543913438744577,0.0,2.152331552676641,0.0709281456620562,1.1345700650361044,0.00820244989406337,0.7442665068208132
proactive,heavy,0.92,StaticReserve,43.04166666666667,69.14583333333334,6.617903308214066,14.344577924550823,27.34733165356733,1.0,27.389573815692604,0.8046214859482028,30.705083875086338,13.702640098864611,14.268915456420265,1.4293985611467586,1.946135480767399,9.512917590713718,0.0,7.35167754811033,0.05328453782111928,8.42763916661177
proactive,heavy,0.92,Independent,70.75,84.89583333333334,5.054554010490587,10.19562681833605,14.960000000000003,0.9571634615384614,27.1616226578127,0.8113879113777986,8.161995722057169,1.4606463139038792,1.7657197409848742,0.23191530634967983,2.561726085284549,0.0,0.01559427452397173,1.1653054421676738,0.006638560367512852,0.29976457478337054
proactive,heavy,1.0,Diffusion-JCSO,10.458333333333332,95.1875,3.7295635435788954,8.023565839701321,13.621901556093764,0.9518389423076922,32.87875834320424,0.7541912395567129,45.51508782452123,2.5587238813976336,1.5197072187971479,0.29488567839092006,3.0166141356524565,2.3790620096026363,0.0437480572881576,0.9818862871722139,0.008598166077331824,7.222085579209758
proactive,heavy,1.0,GAN-JCSO,12.5,94.56250000000001,3.8029998765572075,8.24230122210879,13.305476980807228,0.941358173076923,32.368560197830625,0.7583112675838614,40.511931283147,4.76188409387049,2.456115603554661,0.35746983211858396,2.9851450439012486,2.6770584143099803,0.05682921575713001,0.7549380277208684,0.005486046488459127,3.4519897107435304
proactive,heavy,1.0,QuantileMLP-JCSO,8.895833333333332,96.0,3.645515492552069,7.220824370181272,13.211271069800006,0.959014423076923,33.10544660595632,0.7521030289376075,43.95107586902801,2.545970096950846,1.469205504623095,0.27845352323289724,2.081775257239156,2.8286539794157104,0.04163899783985953,0.9466145786271356,0.006942790374183866,2.0690180358960877
proactive,heavy,1.0,MovingAverage-JCSO,14.333333333333332,93.6875,3.867679554142562,9.721560053058464,13.728,0.9194110576923077,32.289702031711315,0.7589629963262156,40.54561235296515,4.22619513376299,2.145035360438346,0.3427127792646323,3.7709387443713074,2.5972840515516293,0.046039851335177455,1.1903632130992978,0.008810346935199893,1.9085689243766295
proactive,heavy,1.0,Persistence-JCSO,27.916666666666668,88.25,4.414420734628811,12.8742886483352,14.960000000000003,0.8602283653846154,30.882920431815347,0.7683050671069229,34.26762107700719,6.241506574617036,3.476663825857303,0.365332141390358,3.4200647942448885,0.0,0.060279087226058695,1.1342953574741408,0.008701067030691442,1.3719576783607161
proactive,heavy,1.0,JointHeuristic,72.64583333333334,67.5,6.593614972115797,14.960000000000003,18.536253222468115,0.7167067307692309,25.84881987091855,0.8121000202556139,12.371623048970559,4.337971609541166,4.580175679955875,0.42283563056371753,0.0,2.8798079772855547,0.07038235490099952,1.0862443314368166,0.007239963089339742,0.8892445970492661
proactive,heavy,1.0,StaticReserve,33.91666666666667,78.75,5.599973463995225,13.147321574541873,27.632825561120274,1.0,30.054708294293665,0.789172516819105,30.705083875086338,8.296097364513118,7.15985356599,1.0748511622208798,2.9201958989914143,9.669685338140704,0.0,1.8231270431071147,0.00780407486589387,8.42763916661177
proactive,heavy,1.0,Independent,69.97916666666667,85.29166666666666,4.967158048864121,8.955430853928757,14.960000000000003,0.8753846153846153,25.059972564357196,0.8265936952767428,8.161995722057169,1.380006318199889,1.681645651962811,0.21076679729064196,0.3826418810640345,0.0,0.031121778367525728,1.1050482209531327,0.0060542862417884745,0.29976457478337054
proactive,extreme,0.82,Diffusion-JCSO,22.145833333333332,87.5,5.229957673593388,14.960000000000003,25.865669079529248,0.9940384615384614,42.2065180386755,0.6678758106068645,54.35828585503018,3.8314835512766727,3.1442309507421573,0.6055541021835582,0.0,8.383410791023753,0.004713009974289504,1.9831115486606758,0.018247223479145546,9.713196260214204
proactive,extreme,0.82,GAN-JCSO,22.666666666666664,87.375,5.240559432329954,14.960000000000003,25.953652460750572,0.9873317307692308,42.47934914208754,0.6640090732612248,53.19799336471622,4.0323250193565,3.209806059292617,0.6000836368515456,0.0,8.378987002790131,0.013627944501753272,3.556733037007924,0.0362203199876357,18.800159776525206
proactive,extreme,0.82,QuantileMLP-JCSO,21.770833333333332,87.58333333333334,5.216069688726291,14.960000000000003,25.880093793644185,0.9947836538461537,42.427943434905735,0.6650140503454318,51.028563420929004,3.6181155358645194,3.1229931827900455,0.5945782477101458,0.0,8.38600328581823,0.009160444813335927,1.506051780997829,0.012413344017841877,2.869204637177551
proactive,extreme,0.82,MovingAverage-JCSO,24.041666666666664,87.10416666666667,5.27228334400864,14.960000000000003,25.741735795552955,0.9765264423076923,40.93343701129369,0.6786662427072354,46.75859902335871,4.007612355271335,3.235619299776541,0.6124928829851942,0.0,8.337581995625888,0.025637335095986168,1.7295816067130976,0.015200740572621187,2.714935120378821
proactive,extreme,0.82,Persistence-JCSO,30.0,85.97916666666666,5.431111273780753,14.960000000000003,25.222673329394873,0.9618629807692308,38.96453743820222,0.6952595813203334,38.617460268547276,4.858134008997974,3.528775558808529,0.6194399449904685,0.0,7.949299385627478,0.0280787941590936,1.6288648685008116,0.01436322257028329,2.071266230826049
proactive,extreme,0.82,JointHeuristic,77.33333333333334,69.52083333333334,7.153798548647913,14.960000000000003,25.50346151902712,0.8690625000000001,32.76978442961848,0.7554601977446816,13.529295123079134,5.238155362810299,5.34591434221696,0.6664899187257002,0.0,8.152333798477096,0.050419433891896175,1.6116674712913033,0.01246848619138309,1.0765901449031732
proactive,extreme,0.82,StaticReserve,52.020833333333336,60.520833333333336,7.684220251303445,15.028175970579827,31.62976735615195,1.0,29.50702493719539,0.791635417401772,32.33518366114723,10.142241645041778,11.122932079966844,0.7999869252974435,0.21559134872488386,14.164908253880187,0.0,8.882766270593796,0.06596426262339097,9.532339047959812
proactive,extreme,0.82,Independent,75.79166666666667,81.89583333333334,5.793620689347345,14.130360117866132,16.66604400554607,0.9948076923076924,32.74203089260779,0.7711491105960451,8.524148194067976,3.758734683341335,3.1693610613240355,0.5716948317416114,1.9896056723645381,2.1815228162604496,0.003976167909256781,1.6564988563718588,0.00971025720041699,0.3014403439267478
proactive,extreme,0.92,Diffusion-JCSO,18.541666666666664,90.27083333333334,4.778055982477936,14.344329967704933,22.014285499537493,0.9914302884615385,38.32907414319646,0.7043927769372729,53.18163706516854,4.044505494044732,2.9772964215008058,0.5905729063178704,1.9469195891618354,5.598652118229092,0.006345083862304304,2.0469300215983495,0.018580472436267516,10.02787148552505
proactive,extreme,0.92,GAN-JCSO,19.020833333333332,90.16666666666666,4.781798905844481,14.377028792176398,21.810883448856416,0.9806249999999999,38.6674645781765,0.7005551307030675,52.00533851264835,4.2515089006256055,3.1270055292958596,0.5846764307870238,1.843516827021955,5.649526084924717,0.01857175784993852,3.6452721978607547,0.03438475598229604,18.627975257507124
proactive,extreme,0.92,QuantileMLP-JCSO,18.1875,90.33333333333333,4.768102303449532,14.347311494034747,21.834670030169704,0.9936658653846153,38.48342508461535,0.7027266874866976,49.87160675933628,4.017047488478492,2.951511435364327,0.5750118936354276,1.937491175055865,5.209062353751422,0.01152440967947191,1.550215768187921,0.012057050663030762,2.6020832882675533
proactive,extreme,0.92,MovingAverage-JCSO,20.625,89.72916666666666,4.828242419016013,14.344,21.85424137013962,0.9680649038461538,37.20887680384795,0.7140445784308568,45.61022815811825,4.59384316903923,3.1672300912022897,0.596847874974574,1.9479630386637214,5.234804180570875,0.03665762705231463,1.7542634882824446,0.014607854558670594,2.8643788681401268
proactive,extreme,0.92,Persistence-JCSO,29.708333333333332,87.0625,5.124913038034518,14.344,21.64760328354556,0.9364182692307693,35.42137359518143,0.7280500042194962,37.72529717180259,6.916750334165979,4.064072582618345,0.6353414772116843,1.9479630386637214,5.365352591706357,0.04756346407192914,1.659255422394518,0.013944013481131797,2.252930020908944
proactive,extreme,0.92,JointHeuristic,77.89583333333333,66.0,7.27439728149438,14.960000000000003,23.177482069097444,0.79328125,29.983091318055706,0.7800608681040699,13.830666910539833,6.139022434444859,6.508393204068527,0.7430720797154545,0.0,6.113122203772746,0.05216249069806318,1.553446880164576,0.011310978625005066,1.3111753254601899
proactive,extreme,0.92,StaticReserve,52.020833333333336,60.520833333333336,7.684220251303445,15.028175970579827,31.62976735615195,1.0,26.29973961793501,0.8142837415972316,32.33518366114723,10.142241645041778,11.122932079966844,0.7999869252974435,0.21559134872488386,14.164908253880187,0.0,7.917248197703163,0.05879423407737021,9.532339047959812
proactive,extreme,0.92,Independent,73.45833333333334,83.20833333333334,5.528812594826616,13.113200379244947,16.38832228458292,0.9580288461538462,29.59480809914661,0.7961597085947317,8.524148194067976,3.3118520796573763,2.5519297950790802,0.4782340011764111,2.9736316923520687,2.7316936361861486,0.012908452404960294,1.630971384601021,0.008657324350383949,0.3014403439267478
proactive,extreme,1.0,Diffusion-JCSO,17.166666666666664,91.9375,4.462064299010127,12.928399311550825,17.905570104796695,0.982439903846154,35.75313077429048,0.7282284412410738,52.292408156265346,4.283320723428621,2.95453263940068,0.5694093554832329,3.34092647581178,2.7480514989355322,0.012363064096259015,2.05205388253468,0.01830723582852084,10.212897666307942
proactive,extreme,1.0,GAN-JCSO,17.979166666666664,91.60416666666666,4.475931319777792,12.874291888741803,17.88811101486049,0.9693509615384615,36.09371424274955,0.7250962115619364,51.04787868098672,4.639855604527386,3.0493149655716536,0.5527718366407973,2.8501529862966772,2.9587737214795866,0.023980432094491754,3.577287253151477,0.03135978284131269,18.066752154360373
proactive,extreme,1.0,QuantileMLP-JCSO,16.0625,92.4375,4.412443202995928,12.914547800863824,18.0314446046563,0.9921754807692308,35.85134431089159,0.727600944009454,48.93440097963278,4.04623405537349,2.7587018608015783,0.5424537268631712,3.3709759257074925,2.9073579405166816,0.013768703705428964,1.5546799940513294,0.011501888736404823,2.30619896087627
proactive,extreme,1.0,MovingAverage-JCSO,21.1875,90.4375,4.595064537468323,13.108976910688622,17.995892005195206,0.9493749999999999,34.75055149803173,0.7371969093839363,44.80018085161576,5.394407612301309,3.5320539481430067,0.6063727812866871,3.05406035726953,2.8562697297877033,0.045680800910083155,1.7416363220020374,0.013946400453476178,2.8640694682612224
proactive,extreme,1.0,Persistence-JCSO,34.83333333333333,85.0625,5.144884629337016,13.728633510357454,18.13774903923119,0.8947716346153847,33.138154873041664,0.7494249842230079,37.33342770717878,9.097381253911058,4.8243151020330055,0.6858766401109155,2.5959489238973195,2.9198500535748835,0.04758827021010347,1.6197670572346279,0.01311262268332179,2.310511860021307
proactive,extreme,1.0,JointHeuristic,76.97916666666667,64.89583333333334,7.211097286998543,14.960000000000003,21.372797675938212,0.7477644230769231,28.014771533718648,0.7968508983339246,13.864701877772458,5.935164420429383,6.766647566566731,0.7222424092950132,0.0,4.109601848049504,0.05744642447670517,1.476476369881136,0.010105803056536671,1.3148133483715523
proactive,extreme,1.0,StaticReserve,49.458333333333336,63.333333333333336,7.413293960211779,15.028175970579827,32.357501033889356,1.0,25.848447962804862,0.8185203182246799,32.33518366114723,9.666107902113895,10.536807180334826,0.9055857698484919,0.21559134872488386,13.853038206677486,0.0,7.325896196605482,0.05255618020554884,9.532339047959812
proactive,extreme,1.0,Independent,72.47916666666667,83.77083333333334,5.3995979553667315,12.880924854063935,15.414665150593763,0.874951923076923,27.428260086806866,0.8126765797891364,8.524148194067976,3.167839086081968,2.1119561539710716,0.39343709573357016,2.903230283348696,0.781791191597847,0.026940670762329918,1.5898329280771932,0.007855392629623774,0.3014403439267478
request_observed,normal,0.82,Diffusion-JCSO,0.4166666666666667,99.8125,3.040280478676546,3.9302899210998374,5.397452190163516,0.9720552884615385,33.86493369366134,0.7452835688921755,38.842370232389065,0.8391004148329565,0.36017506888582684,0.07689647741805614,0.017819932130393148,3.176973987343164,0.02244185260366073,0.3975627967350227,0.003001655000013802,1.0317335106237449
request_observed,normal,0.82,GAN-JCSO,0.4166666666666667,99.8125,3.042972537098751,3.932014520613687,5.39874968441513,0.9798798076923075,34.02532059805563,0.7443609876403376,39.39049075805169,0.8391004148329565,0.36017506888582684,0.07536162975997723,0.018634373293165116,3.1825025927858612,0.022643711886373628,0.7977976532628305,0.0054333526898840455,3.237499876745457
request_observed,normal,0.82,QuantileMLP-JCSO,0.4375,99.79166666666667,3.0351160871608407,3.9321746656196646,5.508413633128223,0.9750360576923077,34.38257460669804,0.7414272128852383,41.07502822425106,0.8917596870828893,0.4166666666666665,0.08577185463461957,0.022164882500330305,3.526862856217616,0.022971727185542634,0.44982997184282864,0.003030553785048642,0.8040672215305639
request_observed,normal,0.82,MovingAverage-JCSO,0.4375,99.79166666666667,3.044633282034592,3.9337838691951257,5.5133427417284215,0.9552884615384615,33.22366690153652,0.7492062460987697,36.04939579388996,0.8917596870828893,0.4166666666666665,0.08939417813537104,0.022794255671462378,3.5266095917630422,0.02782716552783056,0.39591725399324534,0.002937317186197082,0.6542752322966746
request_observed,normal,0.82,Persistence-JCSO,0.4166666666666667,99.8125,3.033471609762559,3.933297944630218,5.40264621854626,0.9504447115384614,33.38151955353747,0.7473487006777082,36.83427500478328,0.8391004148329565,0.36017506888582684,0.079539630833361,0.022195921070778907,3.189466797141897,0.030977560475446586,0.37739101958340365,0.003389199549588002,0.6285961063144685
request_observed,normal,0.82,JointHeuristic,41.854166666666664,84.5,4.560296854212234,11.926762673652785,14.960000000000003,0.733485576923077,25.22196045485552,0.8079169029507025,2.09860816191162,6.380920453456019,4.299054231333975,0.4030662063873693,2.801288036699051,0.0,0.053714329440218825,0.36050710692029153,0.003888290304213863,0.6009449142473537
request_observed,normal,0.82,StaticReserve,16.041666666666664,92.5625,3.9446522648429623,9.113207798870992,12.877950324482692,1.0,30.462187370956638,0.7729904187389788,25.266341770910916,4.132965560101809,2.8055039874248666,0.40119127479834454,3.4961208004746434,2.9108128075064443,0.0,0.5444788052472762,0.0020769471657592913,2.623283425361466
request_observed,normal,0.82,Independent,33.33333333333333,100.0,3.1968201601966104,4.150980392156863,4.150980392156863,0.9948076923076924,25.243034428493143,0.8165730639317944,2.0000000000000018,0.0,0.0,0.003913746739249267,0.0,0.0,0.0044688269379315635,0.3932770544083741,0.0018537475181352795,2.5639502485114184e-16
request_observed,normal,0.92,Diffusion-JCSO,0.0,100.0,2.970224888550663,3.91851884748204,4.079978534249767,0.9262259615384615,30.428771425223278,0.769658276580061,38.66638075057382,0.0,0.0,0.02511782053814145,7.674499390360654e-07,0.30053768356861604,0.03299106982002589,0.38950943092791496,0.00308373170206907,0.917907959899354
request_observed,normal,0.92,GAN-JCSO,0.0,100.0,2.9814130558028475,3.9185201423772313,4.086488981155297,0.9456009615384616,30.55355089687736,0.7695085743738195,39.22087913006666,0.0,0.0,0.03667684374380118,4.361594872375947e-06,0.30868989055634743,0.04384760058154504,0.7406292976670801,0.005657148062660199,3.171403309935769
request_observed,normal,0.92,QuantileMLP-JCSO,0.0,100.0,2.9699817215998907,3.9182428220310355,4.08945440716693,0.9403846153846154,30.915952242838774,0.7666623264401975,40.89801788029281,0.0,0.0,0.02128510967002909,0.0008720238502563456,0.3277657308618878,0.02628791366762898,0.41907981768344527,0.003112136928389702,0.7040375637302089
request_observed,normal,0.92,MovingAverage-JCSO,0.22916666666666669,99.875,2.9819061219076453,3.9199790371361063,4.240757048271502,0.9050961538461537,29.839776607636175,0.7731997052516136,35.892374024108705,0.5050860151657828,0.26352313834736385,0.0469070824440694,0.004293631814893707,0.40482619080344734,0.03968786480571797,0.39371754846662765,0.003565256940222623,0.4120734998340995
request_observed,normal,0.92,Persistence-JCSO,0.7916666666666666,99.5,3.0083015798717314,3.9704110512370434,4.861524600854073,0.8998317307692307,29.99919547896625,0.7715101335609739,36.715416573437686,1.3671916335916348,0.8228507357554801,0.0843448929460057,0.15095911829853462,1.494469810204789,0.042012372555376515,0.3690619943562385,0.003988131649299486,0.39480309116043805
request_observed,normal,0.92,JointHeuristic,56.0,73.0,5.557771389805967,14.960000000000003,14.960000000000003,0.6056850961538462,23.014600668638085,0.8240919719785899,4.390688769033305,6.813912103054176,5.541823306056908,0.5242113199174152,0.0,0.0,0.052513052536378425,0.3491478237400141,0.0038908087864782284,1.1259727998525184
request_observed,normal,0.92,StaticReserve,16.041666666666664,92.5625,3.9446522648429623,9.113207798870992,12.877950324482692,1.0,27.151080048026568,0.7976653732238724,25.266341770910916,4.132965560101809,2.8055039874248666,0.40119127479834454,3.4961208004746434,2.9108128075064443,0.0,0.48529632641605164,0.0018511920390463508,2.623283425361466
request_observed,normal,0.92,Independent,33.33333333333333,100.0,3.18381847646197,4.150980392156863,4.150980392156863,0.9450480769230769,22.501322731058398,0.8364712507910624,2.0000000000000018,0.0,0.0,0.0038885746330871085,0.0,0.0,0.0161962869676497,0.35555069238481996,0.001614907824050662,2.5639502485114184e-16
request_observed,normal,1.0,Diffusion-JCSO,1.9375,98.875,3.042810908932439,3.957770429030833,6.166029744747535,0.8850961538461538,28.095422175414786,0.7861737882480904,38.736406449792774,1.5373751580350226,0.8740073734751264,0.10101711359922386,0.07276862329762461,2.320916258812253,0.05172236849146471,0.3737551059095552,0.0036895983759214087,0.8927884232709702
request_observed,normal,1.0,GAN-JCSO,2.375,98.625,3.0822443271101085,4.116779136059477,6.768201634311419,0.9084134615384615,28.214045775606706,0.7862072159928978,39.320681281827156,2.167734779458519,1.2430361575146902,0.13388102555152953,0.3717623468806921,3.5873607674565178,0.06566197183391881,0.6786457999124397,0.005651540737490848,3.081490678618963
request_observed,normal,1.0,QuantileMLP-JCSO,0.20833333333333331,99.875,2.95497972554183,3.9196488118159416,4.111097243754806,0.9088221153846154,28.526764408770788,0.7835863187750252,40.87044552954979,0.6588078458684123,0.3952847075210473,0.06009871578084676,0.004625108043944334,0.5659129420918572,0.03719870262176191,0.39568972723611495,0.0032152062097965508,0.7103471287987911
request_observed,normal,1.0,MovingAverage-JCSO,5.8125,96.875,3.225110585692144,5.1280601725596995,9.643999305333365,0.8432331730769231,27.602324156170276,0.7888260607447883,36.25324241471784,4.82271542856701,2.6187093937451116,0.2729784729716993,1.848497708187321,4.259049948428352,0.04959719229402446,0.3782240444951559,0.0038446683956081403,0.50372783162954
request_observed,normal,1.0,Persistence-JCSO,6.895833333333333,96.1875,3.284591984008189,5.068742255320936,11.361414509524359,0.84140625,27.759570220534396,0.7873918204344093,37.115247279587216,3.4281227316073384,1.8738422351474038,0.20486930774812667,0.7807093577980636,3.504119832567021,0.0530813300057367,0.36829732205801846,0.004236788393438481,0.46329142823024005
request_observed,normal,1.0,JointHeuristic,62.8125,65.8125,6.193138921670504,14.960000000000003,16.658106348171252,0.5237860576923078,21.50882532681682,0.835321231532772,6.002743856458825,6.590457057624688,6.095663873242646,0.5775600224479884,0.0,2.30092036495445,0.04249558584574244,0.3192282325843168,0.003248636147715275,1.302734115263965
request_observed,normal,1.0,StaticReserve,75.04166666666666,27.791666666666664,8.068435626221325,13.234043809629451,14.719909594639734,0.4346153846153847,24.978993644184442,0.8146346281201955,25.266341770910916,40.20549068823164,44.75501299599414,2.8322239812760053,2.798833568347009,0.7592325252915455,0.39015245085894634,0.4464726203027642,0.0022525189775202572,2.623283425361466
request_observed,normal,1.0,Independent,33.33333333333333,100.0,3.1568168705065363,4.150980392156863,4.150980392156863,0.8325480769230769,20.70129719009543,0.8492660035639895,2.0000000000000018,0.0,0.0,0.005539709108534249,0.0,0.0,0.023081429848390123,0.3272999628777115,0.0013962337430938703,2.5639502485114184e-16
request_observed,medium,0.82,Diffusion-JCSO,2.1041666666666665,98.68750000000001,3.289093828717719,4.561093523596892,10.469602005718695,0.9873317307692308,36.17032928098936,0.7268791115953276,41.62182059441695,1.5849467900092085,1.2189428859709819,0.2061686559371813,0.5754222176439426,4.3062147214630055,0.01293098934709721,0.8063611250611258,0.005802430239097619,1.8284584557132402
request_observed,medium,0.82,GAN-JCSO,2.0,98.70833333333334,3.287964405323277,4.56962573032402,10.3784345251476,0.9809975961538461,35.568683038958824,0.7318311330047261,38.52320274095103,1.658545026503131,1.2414833322270311,0.21565648193495193,0.5766554590527987,4.336355868853673,0.017778212462358337,1.0854211700353076,0.007627696625863443,2.742228075193238
request_observed,medium,0.82,QuantileMLP-JCSO,2.1041666666666665,98.68750000000001,3.2834706605221724,4.5694691891631,10.496405362141116,0.9884495192307693,36.55532237972469,0.7233984920646227,42.98648932781267,1.5849467900092085,1.2189428859709819,0.20414528822443997,0.5725122851722321,4.268245095994339,0.013313036636913815,0.7969062543630664,0.005206575249703587,1.3424440961394932
request_observed,medium,0.82,MovingAverage-JCSO,2.0416666666666665,98.70833333333334,3.2885998144101762,4.5533939327238,10.44223759749838,0.9731730769230769,35.46664131474786,0.7317184153630298,38.53016584635356,1.657381543352922,1.2414833322270311,0.21014613107430838,0.5654067696557269,4.343540865874659,0.024006041171720317,0.7796705363035302,0.004963534510566338,1.3136445975209994
request_observed,medium,0.82,Persistence-JCSO,2.145833333333333,98.64583333333334,3.287628234807144,4.5566083014256,10.453965311743232,0.9685697115384615,35.440535507378264,0.731356989515884,38.39760120362268,1.7181010278721411,1.300114251864516,0.2153930207469863,0.5568682390760334,4.331882191404601,0.022270037831767443,0.725993250675383,0.005111987321824115,1.1444524209926719
request_observed,medium,0.82,JointHeuristic,37.87499999999999,86.14583333333333,4.581245150877427,12.758603206271998,14.960000000000003,0.8021394230769232,27.195622833661265,0.7977765209501428,2.5913741300857547,5.371787009833164,3.5112391195019668,0.35191437992891195,2.8609182579908277,0.0,0.05826595591062447,0.6270794527986279,0.005471493590448905,0.7103541144322707
request_observed,medium,0.82,StaticReserve,29.020833333333332,82.3125,5.030539894039072,13.524099849156437,19.06774769294836,1.0,32.3645441577784,0.7629198553523405,26.09390595982695,9.589898113814,6.886179182577805,0.7591576134545129,2.5141665747735518,4.553196390897785,0.0,0.973037092235831,0.006228779414896213,4.2176836634654284
request_observed,medium,0.82,Independent,34.02083333333333,99.60416666666667,3.28498409718377,4.150980401847049,6.723541257603071,0.9952403846153846,27.355074547723625,0.8047415279888931,2.000000000000002,1.0488180443353647,0.6620936909196132,0.13564023079598259,3.0643059518896626e-08,4.5076271295660275,0.004761800197851623,0.6521085958154961,0.004742548747551552,2.5639502485114184e-16
request_observed,medium,0.92,Diffusion-JCSO,1.4374999999999998,99.14583333333334,3.167197888069976,4.003929244167429,8.669356049688812,0.9690745192307691,32.6729477764432,0.7556851395748138,41.116931481143695,1.7276181151666161,1.0688580643511083,0.1911936010574724,0.09132361074008317,5.423037590380205,0.028433098704096906,0.7681935614495985,0.0058381320486707005,1.9092310757941564
request_observed,medium,0.92,GAN-JCSO,1.625,99.02083333333334,3.180956142165948,4.037329559426719,8.704562203721476,0.9617307692307693,32.11703769273649,0.7600002331863067,38.057676385076434,1.802347577500926,1.1113281038113774,0.20388494978999552,0.14490570798268848,5.407301936386115,0.030411752190048224,0.9830147086450065,0.006624977442322922,2.632837783957508
request_observed,medium,0.92,QuantileMLP-JCSO,1.4374999999999998,99.14583333333334,3.166392849154532,4.0032429358678545,8.670023998384078,0.9765264423076923,33.01535135189064,0.7529082807680443,42.478783307787566,1.7276181151666161,1.0688580643511083,0.1896008084935867,0.08875027212263142,5.422114116092671,0.024022099800295044,0.7643648436003829,0.0050306869238244106,1.4045967514742679
request_observed,medium,0.92,MovingAverage-JCSO,1.5208333333333333,99.08333333333334,3.1740732653741697,4.008834272406282,8.742734885998214,0.9514302884615384,32.05629097041146,0.7599025545727356,38.049242157402574,1.6697020969599914,1.030963531105315,0.19345191007121534,0.08593917640359981,5.368526285350531,0.0318490943453667,0.731330619780392,0.005015699173228321,1.3542322751663283
request_observed,medium,0.92,Persistence-JCSO,2.2916666666666665,98.64583333333334,3.208944116376999,4.232919682696376,8.828368885366825,0.9449158653846153,32.02614006273821,0.7593033754224923,37.96554982020956,2.124591463996994,1.203814987733315,0.20273649223268472,0.540002718891011,5.295131541464376,0.032392417844617154,0.6819313712281507,0.004909754340416263,1.1972684953311472
request_observed,medium,0.92,JointHeuristic,44.77083333333333,79.1875,5.155559424728133,14.960000000000003,15.098272756603592,0.7094110576923078,24.73102469813657,0.8161584402726006,4.0614813642598735,6.654683964910693,4.891226161628343,0.44108749026082467,0.0,0.437256849217439,0.07358186754462533,0.6770582653460767,0.005997168794213182,0.9398233881949095
request_observed,medium,0.92,StaticReserve,35.291666666666664,74.3125,5.517955351432667,13.560065585089763,19.04569442208693,0.9192307692307693,28.846658923237264,0.7885069691951198,26.09390595982695,24.504188354515644,26.991305541705074,1.693382149521735,2.533769204754924,4.574599723517967,0.25541473409052295,0.8672721909058491,0.005529330358995529,4.2176836634654284
request_observed,medium,0.92,Independent,33.541666666666664,99.89583333333334,3.219910395676392,4.150980392156863,5.331151267921881,0.9584615384615385,24.421410726788764,0.826025048066853,2.000000000000002,0.6588078458684168,0.3294039229342034,0.07939882667521542,0.0,3.3975858041792355,0.015956903868391617,0.6006065125478958,0.004222038286923718,2.5639502485114184e-16
request_observed,medium,1.0,Diffusion-JCSO,1.7083333333333333,99.08333333333334,3.1251006853853283,4.022369823910325,8.169341394606294,0.9431850961538462,30.335536805809824,0.774225678781728,40.9164151054091,1.436006336173648,0.742763442062273,0.12631699992514253,0.17110057434277903,4.8962114950972735,0.045723833484548955,0.7290939168535016,0.006291395647142737,1.8608150526744633
request_observed,medium,1.0,GAN-JCSO,4.520833333333333,97.58333333333334,3.264694144379571,5.021835420032586,9.90520706526054,0.9221274038461539,29.8304827812021,0.7777622477101751,38.03472210775983,3.867812430021285,1.9987457486887183,0.23433771341099843,1.3892014695353279,4.951583624547247,0.058456682079853724,0.9145802113229965,0.006536623146217668,2.455886813256765
request_observed,medium,1.0,QuantileMLP-JCSO,1.0416666666666665,99.45833333333334,3.0929126449809736,3.9592153886010366,7.61794597193573,0.9577644230769231,30.639815316307892,0.7719235364116104,42.23867968287364,1.3465777381712023,0.7027283689263064,0.1299748263237345,0.05796708905919917,5.14616256088339,0.03974610174805406,0.7341964008072286,0.005208819776225554,1.3978934536571446
request_observed,medium,1.0,MovingAverage-JCSO,4.020833333333333,97.77083333333334,3.2461723363002988,4.566956863521439,10.760932029740225,0.9173076923076924,29.788543356852493,0.7779752734400441,37.996467774156216,1.868687935093881,0.9774166789028782,0.1488635481885341,0.7793725472945141,3.9054908177915806,0.04567402579985991,0.6894018883711063,0.00491874106588876,1.208492029810397
request_observed,medium,1.0,Persistence-JCSO,5.875,96.72916666666666,3.3339981369699223,5.021706766188066,12.754719999999974,0.9035096153846153,29.77566555765831,0.7772042765283277,38.01090941863184,2.2455374126486825,1.3359710598809786,0.12896509748739168,0.7632196978587197,2.879473314803736,0.048425711302175344,0.6394857397424832,0.005060890239845881,0.9615268283446431
request_observed,medium,1.0,JointHeuristic,49.5625,74.6875,5.526106771292635,14.759127993654,16.327990193280684,0.6376201923076923,23.00682473612117,0.8287697684457715,4.933259795274983,7.78982821448016,6.69499911256783,0.6009217744052968,0.6352130582211636,1.6629724980818588,0.07667009012809257,0.6378347500821752,0.005688123446700619,1.0888727239953386
request_observed,medium,1.0,StaticReserve,35.291666666666664,74.3125,5.517955351432667,13.560065585089763,19.04569442208693,0.9192307692307693,26.538926209378285,0.8054264116595101,26.09390595982695,24.504188354515644,26.991305541705074,1.693382149521735,2.533769204754924,4.574599723517967,0.25541473409052295,0.7978904156333826,0.005086983930275895,4.2176836634654284
request_observed,medium,1.0,Independent,33.45833333333333,99.95833333333333,3.179506783284248,4.150980392156863,4.503830772282958,0.8632692307692306,22.483297764244686,0.8397888425711375,2.000000000000002,0.39528470752104783,0.13176156917369133,0.04434475795380877,0.0,1.115810874454669,0.030880208517859907,0.5646003839139416,0.0037832997832174726,2.5639502485114184e-16
request_observed,heavy,0.82,Diffusion-JCSO,9.333333333333332,94.37499999999999,4.106689548824564,13.318955492384891,16.087425318534343,0.9824879807692307,39.47302023547773,0.696402548180413,49.1897139944104,3.236140915456457,2.2157022407699816,0.42680159655293,3.512746623040645,1.90467523217744,0.022769388594403098,0.9611604928393077,0.00946880440565328,7.773139214260343
request_observed,heavy,0.82,GAN-JCSO,9.270833333333334,94.41666666666666,4.102644325324433,13.323309310974215,16.09125593834721,0.9742908653846154,38.89297731751334,0.7010667283641323,43.75650001339429,3.1842379216973264,2.1512091058946226,0.4185485642488951,3.504390961662252,1.9094593664802197,0.03584375860697877,0.8743825255326867,0.007776186962877135,4.668482444278814
request_observed,heavy,0.82,QuantileMLP-JCSO,9.270833333333332,94.41666666666666,4.096343226169965,13.384597768880331,16.087321941497084,0.9858413461538463,39.81041866423437,0.6933927948342399,47.82396397196776,2.998601139914459,2.075912710170377,0.39249363901754414,3.347217986167078,1.9055401736758881,0.014779125583331653,0.9254538695307626,0.008261745364903296,2.431093535157566
request_observed,heavy,0.82,MovingAverage-JCSO,9.1875,94.47916666666666,4.094255543322141,13.322926345459825,16.04339651962792,0.9713100961538462,38.670361042625714,0.7028710960229493,43.546252486781306,3.0229478550858095,2.093148176819663,0.40355085477667285,3.505264534656438,1.920473729479092,0.025757388831943423,1.2489711173712004,0.011074634211361766,2.3845284409617027
request_observed,heavy,0.82,Persistence-JCSO,9.1875,94.49999999999999,4.087121557105778,13.292444095251762,16.099693703296015,0.9642307692307692,38.446079879363154,0.7038290019815574,42.36985569266208,3.0181581385644316,2.099933861392362,0.4042121509359247,3.550491950194932,1.9029285006148007,0.02479001432346888,1.1903774973270276,0.01072481744216225,2.014153197597076
request_observed,heavy,0.82,JointHeuristic,37.208333333333336,85.125,5.083008796346091,14.960000000000003,17.604427558954747,0.834939903846154,29.73597040806457,0.779055879394911,4.180781789875456,4.523174210471184,3.6867086930830815,0.3669820848905612,0.0,3.426677535461835,0.06298474620647995,1.1579209109965896,0.00883484504704848,0.853611521614659
request_observed,heavy,0.82,StaticReserve,48.6875,63.041666666666664,7.247632864572462,14.960000000000003,26.830499559993804,1.0,26.954235933563336,0.8058317280732845,30.705083875086338,12.032560153933353,12.885715605532615,1.0466435990843856,0.0,9.941958230998848,0.0,8.281282894250694,0.06145564170341429,8.42763916661177
request_observed,heavy,0.82,Independent,37.3125,98.16666666666666,3.6032304893758402,4.648444908818819,11.741187942817032,0.995673076923077,30.25351641120377,0.7885842930333011,2.000000000000002,2.5334376501426874,1.3671916335916403,0.27683263677036185,0.797289352805154,5.183060398702106,0.003532917898244897,1.2528855611261192,0.007470758917771955,2.9605947323337506e-16
request_observed,heavy,0.92,Diffusion-JCSO,5.625,97.04166666666667,3.6364704033274515,9.158850042592205,14.2328203376733,0.9690745192307691,35.703396758141196,0.7301895277101941,47.57897270131236,2.459157112448024,1.465919422439855,0.30346247696373907,4.335169272702034,2.299544001104511,0.0345553778798546,0.9717351253065744,0.008934858274239827,7.363500238639588
request_observed,heavy,0.92,GAN-JCSO,5.6875,97.02083333333333,3.637944788493892,8.9843779216384,14.234323557616364,0.96,35.15069541827164,0.7346757508845693,42.18804762035377,2.490433083711434,1.5216100249082303,0.304699817916242,4.168694857636491,2.2947904022602392,0.045851743713692335,0.7808317074630218,0.005916822878949217,4.470896868630303
request_observed,heavy,0.92,QuantileMLP-JCSO,5.5,97.08333333333334,3.625936322459945,8.869657433325624,14.232882245404932,0.9783894230769231,35.994752950801946,0.7281718284274071,46.195365309802,2.338948270557876,1.4231876063832665,0.2818442645432523,3.9608605222716924,2.2993482316677816,0.020317027450225497,0.9424762008404944,0.007297731168274553,2.13116308129343
request_observed,heavy,0.92,MovingAverage-JCSO,5.520833333333333,97.08333333333334,3.6236438184859887,8.832842932134227,14.234282964979078,0.9504447115384617,34.99635233410255,0.7359113214932556,41.95166860863854,2.3287198107093356,1.4231876063832665,0.288708415664061,4.014303080917088,2.294918767450296,0.038842640227431634,1.2193203007675604,0.009651386811982361,2.051854019255288
request_observed,heavy,0.92,Persistence-JCSO,6.354166666666666,96.62499999999999,3.666333886347137,9.516572759124397,14.233137939016506,0.9445432692307693,34.78790182979893,0.7365917766586623,40.869175037873376,3.0018159370209707,1.7644902736841444,0.3209071763956597,4.657425945074977,2.2985396574720536,0.03545766784941625,1.1742880006067897,0.009479203671863527,1.7736937248379274
request_observed,heavy,0.92,JointHeuristic,42.479166666666664,80.14583333333334,5.3102847690923625,14.960000000000003,16.499721611376756,0.7536057692307694,27.099856500618955,0.8013566833017641,4.661395966717739,5.586243368233772,5.073770984797487,0.46348560160728547,0.0,2.147240628392686,0.07497504139007277,1.1152572298256884,0.008008580959333786,0.9714110013427542
request_observed,heavy,0.92,StaticReserve,43.04166666666667,69.14583333333334,6.617903308214066,14.344577924550823,27.34733165356733,1.0,27.389573815692604,0.8046214859482028,30.705083875086338,13.702640098864611,14.268915456420265,1.4293985611467586,1.946135480767399,9.512917590713718,0.0,7.35167754811033,0.05328453782111928,8.42763916661177
request_observed,heavy,0.92,Independent,35.27083333333333,98.79166666666667,3.4620428659890186,4.151420480626315,11.476933764038998,0.9571634615384614,27.112877912745496,0.8116428534381026,2.000000000000002,1.4535304508695173,0.9811101673582987,0.21643712319345915,0.0013916819354446042,5.109517487177521,0.016247581749968022,1.1680300945540638,0.006651789343044641,2.9605947323337506e-16
request_observed,heavy,1.0,Diffusion-JCSO,4.75,97.16666666666667,3.5139568280053126,6.901305782366807,12.84244930935211,0.9555649038461539,33.22649127923138,0.7521817230818304,46.76541856564377,2.554951619459315,1.5811388300841835,0.2927787094449107,3.014466057734589,3.547785383017969,0.04222129364296748,0.9798390659233326,0.008543221337136985,7.158735195709148
request_observed,heavy,1.0,GAN-JCSO,5.1875,97.0,3.5278236606536204,6.931769714999236,12.564298770267472,0.9425000000000001,32.69949106650174,0.756176858520105,41.447110160856276,3.8244285662075965,2.2889293416058494,0.332694796693533,3.2376330193461653,3.9084218105686337,0.05453524110513131,0.729654229122681,0.005099963379575349,4.249098249822203
request_observed,heavy,1.0,QuantileMLP-JCSO,3.4583333333333335,97.91666666666666,3.432256992047872,5.881459251312255,12.233168973199165,0.9608774038461538,33.47214501348437,0.7499232001738501,45.331017766880784,2.165508949957418,1.4231876063832802,0.26584073615876075,1.8955399944593976,4.419402451287226,0.042126989486421886,0.9417114542360716,0.006864446362164586,1.9980188630244278
request_observed,heavy,1.0,MovingAverage-JCSO,5.479166666666666,96.8125,3.5367944634713533,7.410531010139313,13.124860641524648,0.9286899038461538,32.58932112556768,0.7571932670332078,41.22294838418419,3.0540558188160944,1.8815472110493094,0.3112517766477655,3.8793716113292045,3.8690409620104607,0.04629271566408299,1.1979647602417156,0.009008198959715752,1.9456475411678062
request_observed,heavy,1.0,Persistence-JCSO,7.729166666666666,95.58333333333334,3.6409982215561145,8.237822815779202,13.486159399117616,0.9096514423076923,32.39951508989667,0.75721686651608,40.23956260281002,3.4238998638654397,2.0265407185523396,0.3150827640915358,3.8625934355146456,3.1589834596333137,0.052291437368856136,1.1587459383504939,0.00898031669908526,1.6084847289722897
request_observed,heavy,1.0,JointHeuristic,42.8125,77.6875,5.42906206281,14.960000000000003,18.701779196567053,0.7074759615384616,25.257474655326643,0.8163484552071998,4.911285982826405,6.051038389104777,5.644641633147903,0.5247320200265083,0.0,3.048500191870014,0.0669934763480145,1.067497439598018,0.0070957486734919105,1.1130661206497632
request_observed,heavy,1.0,StaticReserve,33.91666666666667,78.75,5.599973463995225,13.147321574541873,27.632825561120274,1.0,30.054708294293665,0.789172516819105,30.705083875086338,8.296097364513118,7.15985356599,1.0748511622208798,2.9201958989914143,9.669685338140704,0.0,1.8231270431071147,0.00780407486589387,8.42763916661177
request_observed,heavy,1.0,Independent,34.64583333333333,99.3125,3.343971103400949,4.150980392156863,8.722005325063174,0.8753846153846153,25.014376167368273,0.8268230136800623,2.000000000000002,1.314134050418425,0.8219711516069612,0.1810408690815136,0.0,4.892421084761311,0.032686651094343044,1.108177339221953,0.006061099153121001,2.9605947323337506e-16
request_observed,extreme,0.82,Diffusion-JCSO,15.395833333333332,89.4375,5.02888767759165,14.960000000000003,25.82981659086595,0.9940384615384614,42.68971278772991,0.6636867348101759,56.19872858623156,3.9497348129453695,3.246926965951376,0.614030281938514,0.0,8.3843682059787,0.005327531476565308,1.9726859375456007,0.018424770334700854,9.830800939233246
request_observed,extreme,0.82,GAN-JCSO,15.395833333333332,89.45833333333333,5.018256110927343,14.960000000000003,25.950065413649163,0.9884495192307693,43.00367903332612,0.6596792305738719,55.17200344511114,3.991032096006999,3.241203670639637,0.6038872643583043,0.0,8.382468924283557,0.011841291010677655,3.4415045682425522,0.03526861001873786,18.311665603317415
request_observed,extreme,0.82,QuantileMLP-JCSO,15.416666666666666,89.4375,5.0273189029640655,14.960000000000003,25.82609526026017,0.9959014423076923,42.938604585913616,0.6607066294372606,53.11459591025833,3.988070559822563,3.246926965951376,0.6105395949984731,0.0,8.387602405762504,0.006441592578150428,1.5217753074715767,0.012937492261643703,3.1032108888225944
request_observed,extreme,0.82,MovingAverage-JCSO,15.270833333333334,89.5,5.021373259760404,14.960000000000003,25.588613782637573,0.9783894230769231,41.325171293513385,0.6754488042964788,47.732629137143626,3.986921617173014,3.235246665658475,0.616932522895857,0.0,8.354486721711389,0.02781607679834945,1.7235485673542246,0.015149107707209395,2.8623699247987107
request_observed,extreme,0.82,Persistence-JCSO,15.1875,89.5625,5.0130754077349655,14.960000000000003,25.13330256426346,0.9698197115384615,40.95846513422664,0.6783592878045386,45.6103531773836,3.910468401263966,3.184540807451044,0.604007467260953,0.0,7.962492591155421,0.027008581148064377,1.594513987589296,0.014457541512488289,2.339806283710332
request_observed,extreme,0.82,JointHeuristic,45.27083333333333,79.4375,6.076051351129533,14.960000000000003,25.62865849296589,0.8619110576923077,32.03281119247096,0.7611996650089117,5.898036332393635,6.883097083650859,5.870458909543783,0.7478854679611061,0.0,8.203546079453215,0.05116399076688315,1.5391490788753015,0.011865336991971577,1.2654977014393844
request_observed,extreme,0.82,StaticReserve,52.020833333333336,60.520833333333336,7.684220251303445,15.028175970579827,31.62976735615195,1.0,29.50702493719539,0.791635417401772,32.33518366114723,10.142241645041778,11.122932079966844,0.7999869252974435,0.21559134872488386,14.164908253880187,0.0,8.882766270593796,0.06596426262339097,9.532339047959812
request_observed,extreme,0.82,Independent,44.291666666666664,94.97916666666666,4.31715595727737,10.985885830794896,15.64366473006191,0.9948076923076924,32.66255124447877,0.771681900515324,2.0000000000000018,5.927806414592915,2.986030360665278,0.5993304697899167,4.645320198175409,3.1746403695411893,0.003976167909256781,1.6318912908537515,0.009471139580803084,3.916498697301471e-16
request_observed,extreme,0.92,Diffusion-JCSO,11.729166666666666,92.27083333333333,4.563123029729341,14.216743743808161,21.931750723212723,0.9906850961538461,38.78416697895029,0.7006755521538715,54.95007214883539,4.120168794486669,3.027729994526114,0.5880540488407624,2.350382654735839,5.537318620112185,0.006859098388077038,2.049177695256649,0.018709311622604842,10.124123105843067
request_observed,extreme,0.92,GAN-JCSO,11.6875,92.29166666666666,4.549511098516168,14.2132170769732,21.754274872259874,0.9813701923076923,39.1529263956519,0.6968701598018727,53.90961467293674,4.049808046815229,3.0555555555555522,0.5818507605933633,2.3615349544828965,5.574467905643191,0.017651954427488258,3.541621954119746,0.033557440586052305,18.15999990733428
request_observed,extreme,0.92,QuantileMLP-JCSO,11.791666666666666,92.25,4.566305870463887,14.34676817472517,21.708528228062555,0.9944110576923076,38.965028353359386,0.6988812231386088,51.88288560621113,4.044743960215987,2.9459508725044783,0.5731465645033029,1.9392093015708756,5.14438455700499,0.00966039312438358,1.5693339671742996,0.012506684563105877,2.8581800631843866
request_observed,extreme,0.92,MovingAverage-JCSO,11.8125,92.20833333333333,4.565267636525763,14.213559834954115,21.925901404466412,0.971045673076923,37.575180700263914,0.7112771172445542,46.52413451267978,4.136522906894058,3.0731814857642945,0.5848263163454035,2.360451058577002,5.323998286795091,0.036389783487972685,1.7524267866131442,0.014588286396658387,2.9894253309270815
request_observed,extreme,0.92,Persistence-JCSO,12.104166666666666,92.0625,4.5695097620852385,14.168761707174312,21.60470023989262,0.9600841346153846,37.20278750158157,0.7134131913659767,44.45904515404611,4.558486946426494,3.269719968566034,0.5921040380209832,2.502115177272443,5.264285613737102,0.039909575794114374,1.6515663531145652,0.014217260623085589,2.5186087887517012
request_observed,extreme,0.92,JointHeuristic,47.729166666666664,75.85416666666666,6.187270468583417,14.960000000000003,22.938252786712322,0.7881730769230769,29.294371658204074,0.7852965912009457,6.287256420070605,6.962095622940193,7.109462970897861,0.831047496097445,0.0,5.556727009801474,0.0543253630363712,1.4669110533385965,0.010706008374372786,1.5634169716790944
request_observed,extreme,0.92,StaticReserve,52.020833333333336,60.520833333333336,7.684220251303445,15.028175970579827,31.62976735615195,1.0,26.29973961793501,0.8142837415972316,32.33518366114723,10.142241645041778,11.122932079966844,0.7999869252974435,0.21559134872488386,14.164908253880187,0.0,7.917248197703163,0.05879423407737021,9.532339047959812
request_observed,extreme,0.92,Independent,40.729166666666664,96.60416666666666,3.964329808585815,8.04271459670351,14.369912747061182,0.9575961538461538,29.522068381179395,0.7966369334263869,2.0000000000000018,5.681939182213269,2.425689573586731,0.5117579843198695,4.93659299808353,5.331232255665107,0.013344269430254314,1.6093100706581094,0.008444487449884377,3.916498697301471e-16
request_observed,extreme,1.0,Diffusion-JCSO,9.979166666666668,94.14583333333334,4.222556247781114,12.582205644202329,17.81777574058854,0.9845673076923077,36.18318804575527,0.7250333379650217,53.98414341094862,3.9080011506941954,2.7802939992422058,0.5529378332462714,3.9553606487442563,2.7036368187308453,0.011497797156670897,2.0638593899332887,0.018449166062076094,10.310644366326093
request_observed,extreme,1.0,GAN-JCSO,10.229166666666668,93.95833333333333,4.218923450238068,12.43569312916128,17.894337660945233,0.9734735576923077,36.55689940064336,0.7218187846217703,52.87659408758081,3.8645692946735126,2.7393170726827827,0.5339097347844656,3.513559431979019,2.9816048647758566,0.019960211728271483,3.478925397351196,0.030610607825696648,17.62247733327955
request_observed,extreme,1.0,QuantileMLP-JCSO,9.5,94.4375,4.196189055959415,12.662688836254608,17.965850198639263,0.9929206730769231,36.309827389005946,0.7241816609440676,50.881391396256554,3.8278946926186173,2.7217438638662923,0.537159187136491,3.789462244824374,2.916986656689066,0.011841291010677628,1.5752824688121074,0.011794442378071871,2.5912783775233783
request_observed,extreme,1.0,MovingAverage-JCSO,11.104166666666668,93.5,4.26906533219173,12.68056087173503,17.9605856866739,0.9560216346153847,35.08493833058087,0.7348615828885634,45.59617375728502,4.7375669805356555,3.3561142838734996,0.5776250200837421,3.8767732170836355,2.909536126378274,0.04619105911931995,1.7403181202649536,0.013956842120481585,2.94156162251543
request_observed,extreme,1.0,Persistence-JCSO,13.5,92.22916666666666,4.377413010390066,12.929025156560389,17.88966191733776,0.9372235576923076,34.74230338273172,0.7364800780283804,43.66295764789736,5.353801868246941,3.447201517531163,0.5856857279694078,3.602727497497033,3.0069310653518166,0.04562909242012424,1.6483749510634116,0.013640523745429825,2.4782612196033695
request_observed,extreme,1.0,JointHeuristic,47.541666666666664,74.45833333333334,6.122454140176626,14.960000000000003,21.380727084489017,0.7397596153846154,27.37538962328595,0.8016275876459897,6.3587425131189335,6.811080523766736,7.688099068297093,0.8323065890666116,0.0,4.688373009382614,0.06012167727228293,1.391946849953508,0.009452126748316391,1.6316114673026927
request_observed,extreme,1.0,StaticReserve,49.458333333333336,63.333333333333336,7.413293960211779,15.028175970579827,32.357501033889356,1.0,25.848447962804862,0.8185203182246799,32.33518366114723,9.666107902113895,10.536807180334826,0.9055857698484919,0.21559134872488386,13.853038206677486,0.0,7.325896196605482,0.05255618020554884,9.532339047959812
request_observed,extreme,1.0,Independent,38.77083333333333,97.375,3.782979373174288,7.60909940928438,13.23743648828552,0.8745192307692307,27.3599417630258,0.8131004536153401,2.0000000000000018,4.348409049920683,1.7655831757856293,0.40882879176814296,5.09671583262268,4.806550742640047,0.02884615384615385,1.5702944059066704,0.00766658162133019,3.916498697301471e-16
