workload,seed,variant,group,terminal_alpha_bar,fit_seconds,ms_per_prediction,crps,quantile_coverage,quantile_pinball,information,capacity,miss_rate,acceptance,mean_latency_ms,p95_latency_ms,p99_latency_ms,admitted_miss_rate,isolation,utilization,fragmentation,over_reservation,realized_reservation_ratio,under_reservation_share,p95_URLLC_ms,miss_URLLC,p95_eMBB_ms,miss_eMBB,p95_mMTC_ms,miss_mMTC
heavy,3,"default (cosine, K=20)",default,6.0596444200200494e-06,5.792622814999959,0.16740349150305384,3.663259843239314,0.7302083333333333,1.8100191923665672,request_observed,1.0,7.916666666666666,95.0,3.8585291914454243,13.686354957385753,14.96,3.070175438596491,0.9079326923076924,33.849359724307924,0.7459532698009161,44.689691167520856,1.3148554823953091,0.0,2.5024096141480716,4.375,14.96,18.125,3.422033898305085,1.25
heavy,3,"default (cosine, K=20)",default,6.0596444200200494e-06,5.792622814999959,0.16740349150305384,3.663259843239314,0.7302083333333333,1.8100191923665672,proactive,1.0,15.0,92.70833333333334,4.088871524342072,14.96,14.96,8.314606741573034,0.8991586538461538,33.62092160677717,0.7472149623529679,43.66668081761493,1.3062229461707624,5.0,3.426238466559953,12.5,14.96,20.0,5.040335781588441,12.5
heavy,3,schedule linear 1e-4..0.35,schedule,0.018009239807724953,5.356638619999558,0.10363153986890764,3.732586935960145,0.7177083333333333,1.8475407830475095,request_observed,1.0,7.5,95.0,3.8722542225306626,13.69314739733551,14.96,2.631578947368421,0.934014423076923,33.814723808625914,0.7487549411355643,43.733327114799415,1.313170175979369,0.0,2.4363982453843844,3.125,14.96,18.125,3.422033898305085,1.25
heavy,3,schedule linear 1e-4..0.35,schedule,0.018009239807724953,5.356638619999558,0.10363153986890764,3.732586935960145,0.7177083333333333,1.8475407830475095,proactive,1.0,14.583333333333334,93.33333333333333,4.053190689761878,14.96,14.96,8.482142857142858,0.9302884615384615,33.53543107696693,0.7503567594809528,42.55105662907957,1.3026053802648385,5.625,3.160916731883259,10.0,14.96,19.375,4.9673167917440875,14.374999999999998
heavy,3,schedule linear 1e-4..0.02 (legacy),schedule,0.8167771100997925,5.127721070000007,0.09151470980439959,4.649720998346039,0.8645833333333334,2.3485594636771094,request_observed,1.0,5.625,96.25,3.763166927198456,9.779763615289811,14.96,1.948051948051948,0.9962740384615385,37.21829451488126,0.7344180850233373,57.612107008916524,1.4424093969610978,0.0,1.9306153846153846,0.0,14.96,16.875,3.422033898305085,0.0
heavy,3,schedule linear 1e-4..0.02 (legacy),schedule,0.8167771100997925,5.127721070000007,0.09151470980439959,4.649720998346039,0.8645833333333334,2.3485594636771094,proactive,1.0,10.0,95.41666666666667,3.8860957653419717,10.353659888397987,14.96,5.676855895196507,0.992548076923077,37.10199850800278,0.7349412383876761,57.180970282904035,1.438045575915424,3.958333333333333,2.0273391243646652,0.625,14.96,18.125,4.8393483310697665,11.25
heavy,3,K=5,steps,9.404561569681391e-05,5.108636689000377,0.04785627320267487,3.6280504362354415,0.671875,1.8847579114066613,request_observed,1.0,7.916666666666666,95.0,3.8543908850864153,13.682782768549883,14.96,3.070175438596491,0.885576923076923,33.549108300968136,0.7481107551192645,42.973682329884106,1.3030721322815386,0.0,2.502142352538974,3.75,14.96,18.125,3.422033898305085,1.875
heavy,3,K=5,steps,9.404561569681391e-05,5.108636689000377,0.04785627320267487,3.6280504362354415,0.671875,1.8847579114066613,proactive,1.0,13.958333333333334,93.33333333333333,4.029515109768398,14.96,14.96,7.8125,0.878125,33.3194134917367,0.7490676546913256,42.118388788679,1.294495393356969,5.833333333333333,3.207347793920026,10.0,14.96,19.375,4.974153351903306,12.5
heavy,3,K=10,steps,2.4091723389574327e-05,5.529190168999776,0.08596183267988688,3.6132580435200414,0.7489583333333333,1.7571188859045075,request_observed,1.0,6.458333333333334,95.625,3.8248793313949703,10.373669008823626,14.96,2.178649237472767,0.9316105769230768,33.89078304829907,0.7474926009563869,44.918334507312444,1.3162682559446253,0.0,2.424344303733794,1.25,14.96,17.5,3.422033898305085,0.625
heavy,3,K=10,steps,2.4091723389574327e-05,5.529190168999776,0.08596183267988688,3.6132580435200414,0.7489583333333333,1.7571188859045075,proactive,1.0,13.333333333333334,93.33333333333333,4.065089572955029,14.96,14.96,7.142857142857142,0.9377403846153847,33.680773875371955,0.7493498811034802,44.02316372868768,1.308411769869129,5.0,3.1609165437226756,8.75,14.96,19.375,4.96603473550085,11.875
heavy,3,K=50,steps,9.711930033518001e-07,5.687426023000171,0.20210073986888696,3.721812923312527,0.7927083333333333,1.7479119872060827,request_observed,1.0,5.625,96.25,3.7831554620241574,9.778876240613682,14.96,1.948051948051948,0.9664663461538462,34.18266395630674,0.7461412826234443,47.34016964651049,1.3280503758957796,0.0,2.3382585285605457,0.0,14.96,16.875,3.422033898305085,0.0
heavy,3,K=50,steps,9.711930033518001e-07,5.687426023000171,0.20210073986888696,3.721812923312527,0.7927083333333333,1.7479119872060827,proactive,1.0,11.875,94.58333333333333,3.9658025451393732,10.353532052069339,14.96,6.828193832599119,0.9701923076923077,33.91363585730666,0.7478635159255104,46.35203647102581,1.3179210125763317,5.0,3.1220103315864463,6.25,14.96,18.125,4.865890816182193,11.25
heavy,3,variance beta,variance,6.0596444200200494e-06,5.123691003999738,0.10129341176520136,3.6103500288386443,0.809375,1.6913834338177556,request_observed,1.0,5.625,96.25,3.767461946672704,9.77927145416597,14.96,1.948051948051948,0.9515625,34.37427867544659,0.7438708049821058,47.10070922531345,1.3349738126429678,0.0,2.412224907101483,0.0,14.96,16.875,3.422033898305085,0.0
heavy,3,variance beta,variance,6.0596444200200494e-06,5.123691003999738,0.10129341176520136,3.6103500288386443,0.809375,1.6913834338177556,proactive,1.0,11.25,94.58333333333333,3.9382392655475735,10.33628918170468,14.96,6.167400881057269,0.9552884615384615,34.14879100312468,0.7453139179454478,45.98265256551279,1.326475169601645,4.583333333333333,3.1220103315867593,6.875000000000001,14.96,18.125,4.653062197745806,8.75
heavy,3,M=64 samples,samples,6.0596444200200494e-06,5.2504819400001,0.7172769856207595,3.663259843239314,0.7302083333333333,1.8100191923665672,request_observed,1.0,7.5,95.0,3.872895871905896,14.01191297287786,14.96,2.631578947368421,0.9265625,33.89657021650039,0.746762569573017,45.03015126546481,1.3167124436640665,0.0,2.4362021908733458,2.5,14.96,18.125,3.422033898305085,1.875
heavy,3,M=64 samples,samples,6.0596444200200494e-06,5.2504819400001,0.7172769856207595,3.663259843239314,0.7302083333333333,1.8100191923665672,proactive,1.0,13.541666666666666,93.33333333333333,4.043871313225724,14.96,14.96,7.366071428571429,0.9302884615384615,33.67731529606119,0.7481311004005717,44.022759546668745,1.3085038576549342,4.791666666666667,3.160916731883259,8.75,14.96,19.375,4.963707052137111,12.5
heavy,3,M=256 samples,samples,6.0596444200200494e-06,5.115967045000161,3.9077984457512653,3.663259843239314,0.7302083333333333,1.8100191923665672,request_observed,1.0,5.625,96.25,3.751813653323296,9.597453806783701,14.96,1.948051948051948,0.9254807692307692,33.90012178812864,0.7460224898067233,45.025953056881775,1.3167922335209254,0.0,2.4190499978436013,0.0,14.96,16.875,3.422033898305085,0.0
heavy,3,M=256 samples,samples,6.0596444200200494e-06,5.115967045000161,3.9077984457512653,3.663259843239314,0.7302083333333333,1.8100191923665672,proactive,1.0,12.708333333333332,93.95833333333333,3.9844766238737166,13.264927318745015,14.96,7.095343680709535,0.9241586538461537,33.68133211930097,0.74753500086589,44.07920889881298,1.3085756909687827,4.791666666666667,3.1440710293410095,8.75,14.96,18.75,4.866062828110382,10.625
heavy,3,160 epochs (GAN budget),training,6.0596444200200494e-06,0.7935317100000248,0.12978870588257943,4.174099074398071,0.8958333333333334,1.937902290512958,request_observed,1.0,5.625,96.25,3.7684131607710074,9.778431191013109,14.96,1.948051948051948,1.0,36.08680709464422,0.7305022549438128,54.42341882945949,1.4001484785370295,0.0,1.9306153846153846,0.0,14.96,16.875,3.422033898305085,0.0
heavy,3,160 epochs (GAN budget),training,6.0596444200200494e-06,0.7935317100000248,0.12978870588257943,4.174099074398071,0.8958333333333334,1.937902290512958,proactive,1.0,8.541666666666666,95.625,3.878273090734941,10.35264433897167,14.96,4.357298474945534,1.0,35.82871068650144,0.7326102906115481,53.14589467661019,1.3902981248503217,3.125,2.1929204823687156,1.875,14.96,18.125,4.0379567404677585,5.625
heavy,11,"default (cosine, K=20)",default,6.0596444200200494e-06,5.443662848999793,0.15743350849649146,2.9306160059891453,0.8302083333333333,1.3240058388590583,request_observed,1.0,2.7083333333333335,98.125,3.3992902933067852,4.885174754856645,14.96,0.8492569002123143,0.9701923076923077,32.7723845173877,0.7559621418411748,44.05852544881195,1.362719127565092,0.0,2.424987627322318,0.0,14.96,8.125,3.422033898344529,0.0
heavy,11,"default (cosine, K=20)",default,6.0596444200200494e-06,5.443662848999793,0.15743350849649146,2.9306160059891453,0.8302083333333333,1.3240058388590583,proactive,1.0,10.208333333333334,95.625,3.672408849861104,6.531049633066053,14.96,6.1002178649237475,0.9576923076923076,32.425615742361735,0.7576025767327733,42.882649957436406,1.3487330186539987,5.208333333333334,2.991862245064057,8.75,14.96,10.625,4.5947746553787265,11.25
heavy,11,schedule linear 1e-4..0.35,schedule,0.018009239807724953,5.0676398040000095,0.09827000522860319,2.9623616708897442,0.8145833333333333,1.319413866957889,request_observed,1.0,2.7083333333333335,98.125,3.3901297681295026,4.8835032990495435,14.96,0.8492569002123143,0.959014423076923,32.540893830094355,0.7574664141511925,42.60376749930008,1.3536179857635326,0.0,2.434615384615385,0.0,14.96,8.125,3.422033898305085,0.0
heavy,11,schedule linear 1e-4..0.35,schedule,0.018009239807724953,5.0676398040000095,0.09827000522860319,2.9623616708897442,0.8145833333333333,1.319413866957889,proactive,1.0,9.583333333333334,95.625,3.654040701568397,6.2631256488319345,14.96,5.446623093681917,0.9552884615384617,32.17322921081297,0.7595176174633791,41.39174073480713,1.3387657375956215,5.416666666666667,3.051181990846615,9.375,14.96,10.625,4.593809609273369,8.75
heavy,11,schedule linear 1e-4..0.02 (legacy),schedule,0.8167771100997925,5.084015926999655,0.09314174379088559,3.188839058015742,0.9427083333333334,1.517965274521152,request_observed,1.0,2.7083333333333335,98.125,3.393157888341651,4.878592702299041,14.96,0.8492569002123143,0.9962740384615385,34.70917339948417,0.745440330035431,51.36098670401652,1.4418777337434754,0.0,1.9306153846153846,0.0,14.96,8.125,3.422033898305085,0.0
heavy,11,schedule linear 1e-4..0.02 (legacy),schedule,0.8167771100997925,5.084015926999655,0.09314174379088559,3.188839058015742,0.9427083333333334,1.517965274521152,proactive,1.0,6.25,96.66666666666667,3.5554360474388473,6.106865645532581,14.96,3.0172413793103448,0.9962740384615385,34.46195182857131,0.7471910706216365,50.41919713760257,1.4319355108364107,3.75,2.247345804669074,1.875,14.96,9.375,4.4358356053223895,7.5
heavy,11,K=5,steps,9.404561569681391e-05,5.284790673999851,0.049603956862709644,3.0247405289078264,0.715625,1.4023641751612237,request_observed,1.0,3.5416666666666665,97.5,3.462496635336185,5.379308156748479,14.96,1.0683760683760684,0.9614182692307693,32.2240085358985,0.7603824990191571,40.87342210952891,1.3398554435147187,0.0,2.434615384615385,0.625,14.96,8.75,3.425416374333072,1.25
heavy,11,K=5,steps,9.404561569681391e-05,5.284790673999851,0.049603956862709644,3.0247405289078264,0.715625,1.4023641751612237,proactive,1.0,11.666666666666666,94.375,3.7859470457814544,7.386660111853949,14.96,6.401766004415011,0.9563701923076924,31.89775993500398,0.7619996985475077,39.87248108612019,1.3267766540316643,5.416666666666667,3.6125772365330926,12.5,14.96,11.875,4.797219349224911,10.625
heavy,11,K=10,steps,2.4091723389574327e-05,5.608405296000001,0.06721668758211688,3.0837207380801432,0.8395833333333333,1.3601883491431606,request_observed,1.0,3.5416666666666665,97.5,3.4663957232216784,5.277883969181058,14.96,1.0683760683760684,0.980048076923077,32.99305368070651,0.7547867788545016,44.92611044963823,1.3711109391432317,0.0,2.42646112583482,0.625,14.96,8.75,3.422033898699588,1.25
heavy,11,K=10,steps,2.4091723389574327e-05,5.608405296000001,0.06721668758211688,3.0837207380801432,0.8395833333333333,1.3601883491431606,proactive,1.0,11.25,94.79166666666666,3.7494450774323784,6.705468892355578,14.96,6.373626373626373,0.9712740384615384,32.65682709691254,0.7564231778669694,43.77011682980394,1.3575065567827977,5.208333333333334,3.226244656454098,10.625,14.96,11.25,4.971932545039801,11.875
heavy,11,K=50,steps,9.711930033518001e-07,5.948764755999946,0.21525360653553066,2.945913620494761,0.8239583333333333,1.3177237948821683,request_observed,1.0,3.958333333333333,97.5,3.4448294819894514,5.381381717925596,14.96,1.4957264957264957,0.9502403846153846,32.69679033379792,0.7572996250691876,43.34334187871524,1.3597502969140225,0.0,2.434615384615385,1.875,14.96,8.75,3.422033898305085,1.25
heavy,11,K=50,steps,9.711930033518001e-07,5.948764755999946,0.21525360653553066,2.945913620494761,0.8239583333333333,1.3177237948821683,proactive,1.0,10.833333333333334,95.41666666666667,3.6882627433344704,6.530735760074527,14.96,6.550218340611353,0.946514423076923,32.30901097123489,0.7594642765008739,42.17947374290119,1.3441517472633486,5.416666666666667,3.0612973911441532,10.0,14.96,10.625,4.732014900435069,11.875
heavy,11,variance beta,variance,6.0596444200200494e-06,5.08796447199984,0.09289623790833752,2.9729679571502223,0.8947916666666667,1.364664279101688,request_observed,1.0,2.7083333333333335,98.125,3.40087054237239,4.883822361970466,14.96,0.8492569002123143,0.9850961538461538,33.40439585847516,0.7515433374334751,46.88441301398896,1.3885925867623057,0.0,2.3624072503502207,0.0,14.96,8.125,3.422033898305085,0.0
heavy,11,variance beta,variance,6.0596444200200494e-06,5.08796447199984,0.09289623790833752,2.9729679571502223,0.8947916666666667,1.364664279101688,proactive,1.0,8.333333333333332,96.25,3.600581578059359,6.125216025937101,14.96,4.761904761904762,0.9739182692307692,33.07071989405542,0.7529672191149736,45.711833193676924,1.3750987417954983,4.791666666666667,2.654291398354021,6.25,14.96,10.0,4.461855414807516,8.75
heavy,11,M=64 samples,samples,6.0596444200200494e-06,5.35630839300029,0.6898961294116376,2.9306160059891453,0.8302083333333333,1.3240058388590583,request_observed,1.0,2.7083333333333335,98.125,3.4042377911912913,4.880558909369382,14.96,0.8492569002123143,0.9813701923076923,32.93722414411058,0.7554757146360344,44.83147785762157,1.3694987431952268,0.0,2.431448118733145,0.0,14.96,8.125,3.422033898305085,0.0
heavy,11,M=64 samples,samples,6.0596444200200494e-06,5.35630839300029,0.6898961294116376,2.9306160059891453,0.8302083333333333,1.3240058388590583,proactive,1.0,11.041666666666666,95.0,3.735977241018447,6.715784847266076,14.96,6.359649122807018,0.9712740384615384,32.59807228137835,0.7573528614092644,43.66295725473297,1.3558334996936416,5.0,3.0580914841272766,9.375,14.96,11.25,4.869079931852806,12.5
heavy,11,M=256 samples,samples,6.0596444200200494e-06,5.854825112000071,4.5124419163394895,2.9306160059891453,0.8302083333333333,1.3240058388590583,request_observed,1.0,2.7083333333333335,98.125,3.3973627218539932,4.882323112748063,14.96,0.8492569002123143,0.9739182692307692,32.956151999798124,0.7550241913401761,44.882305896823404,1.3702720189213107,0.0,2.4250376558206037,0.0,14.96,8.125,3.422033898305085,0.0
heavy,11,M=256 samples,samples,6.0596444200200494e-06,5.854825112000071,4.5124419163394895,2.9306160059891453,0.8302083333333333,1.3240058388590583,proactive,1.0,9.583333333333334,95.83333333333334,3.6460664971987296,6.016359284648048,14.96,5.6521739130434785,0.9725961538461538,32.60738325234212,0.75739692820952,43.61128878050427,1.3561755923784886,4.791666666666667,2.9367037631360446,8.125,14.96,9.375,4.753213470709802,11.25
heavy,11,160 epochs (GAN budget),training,6.0596444200200494e-06,0.5677864429999318,0.09610059869254911,3.6386245878104417,0.9197916666666667,1.7960719135512582,request_observed,1.0,2.7083333333333335,98.125,3.3836234907632297,4.872074554572676,14.96,0.8492569002123143,0.9962740384615385,35.17823864516233,0.7344314601787882,54.215727646304146,1.4584856872185346,0.0,1.9306153846153846,0.0,14.96,8.125,3.422033898305085,0.0
heavy,11,160 epochs (GAN budget),training,6.0596444200200494e-06,0.5677864429999318,0.09610059869254911,3.6386245878104417,0.9197916666666667,1.7960719135512582,proactive,1.0,5.416666666666667,97.5,3.4937437348307205,5.384773528988536,14.96,2.9914529914529915,1.0,34.892924875281324,0.73605812917452,53.141665875243206,1.4466752988907987,3.958333333333333,2.4366481172536374,4.375,14.96,8.75,3.938787511265029,3.125
heavy,27,"default (cosine, K=20)",default,6.0596444200200494e-06,5.466211274000216,0.10580230980409705,3.2359705219943775,0.7760416666666666,1.3952106718173087,request_observed,1.0,1.875,99.16666666666667,3.2175374239561476,4.91712246053932,8.232288302394844,1.050420168067227,0.994951923076923,32.60556058480722,0.7599568751559602,43.076180649617825,1.3516050119411702,0.0,2.4211710093708043,1.25,5.8477358281815945,3.75,3.422033898305085,0.625
heavy,27,"default (cosine, K=20)",default,6.0596444200200494e-06,5.466211274000216,0.10580230980409705,3.2359705219943775,0.7760416666666666,1.3952106718173087,proactive,1.0,7.916666666666666,96.45833333333333,3.488086058119449,5.725275493689252,12.90314717412863,4.535637149028078,0.982451923076923,32.215573508862136,0.7620707006413028,41.633042915320544,1.335611036298706,4.583333333333333,3.023050899757427,6.25,7.2467329422272115,5.625,5.009819869829121,11.875
heavy,27,schedule linear 1e-4..0.35,schedule,0.018009239807724953,5.112613648000206,0.09503512810446338,3.327107256755775,0.8572916666666667,1.4016819654239285,request_observed,1.0,1.0416666666666665,99.79166666666667,3.158971741138659,4.609827339990296,6.719544928181635,0.8350730688935281,1.0,33.26998578234952,0.7544110871002611,46.21525653269042,1.378048526895304,0.0,1.9306153846153846,0.0,5.833163203539712,3.125,3.422033898305085,0.0
heavy,27,schedule linear 1e-4..0.35,schedule,0.018009239807724953,5.112613648000206,0.09503512810446338,3.327107256755775,0.8572916666666667,1.4016819654239285,proactive,1.0,5.0,98.75,3.3018772469974196,5.201591176972856,8.8,3.79746835443038,1.0,32.92834194752396,0.7568701760660754,44.979267429752184,1.36391268105093,3.3333333333333335,2.176912805129372,1.25,6.355248412710209,3.75,4.666747827505529,10.0
heavy,27,schedule linear 1e-4..0.02 (legacy),schedule,0.8167771100997925,4.931298535000224,0.08966867581679538,3.8450997479350835,0.984375,2.379108531109142,request_observed,1.0,1.0416666666666665,99.79166666666667,3.101989684706329,4.585957877845719,6.683425432590113,0.8350730688935281,1.0,37.13796186155506,0.7281356227885039,66.24421665340124,1.5358284736989378,0.0,1.9290758032317818,0.0,5.801366383292782,3.125,3.422033898305085,0.0
heavy,27,schedule linear 1e-4..0.02 (legacy),schedule,0.8167771100997925,4.931298535000224,0.08966867581679538,3.8450997479350835,0.984375,2.379108531109142,proactive,1.0,3.3333333333333335,99.16666666666667,3.1781408534961115,4.943357767646888,8.8,2.5210084033613445,1.0,36.92501750031047,0.7296620134618974,65.42079580127313,1.5270342773770436,1.6666666666666667,1.9554056022409845,0.0,5.801366383292782,3.125,4.4311450461994175,6.875000000000001
heavy,27,K=5,steps,9.404561569681391e-05,5.438363302000198,0.057472368627440436,4.038351716487101,0.8375,1.5464250542201077,request_observed,1.0,1.0416666666666665,99.79166666666667,3.1564344134725504,4.6017996625827005,6.727964050334089,0.8350730688935281,1.0,33.34707108419182,0.752353267283624,47.544582158856606,1.380622676844472,0.0,1.9306153846153846,0.0,5.831319091706982,3.125,3.422033898305085,0.0
heavy,27,K=5,steps,9.404561569681391e-05,5.438363302000198,0.057472368627440436,4.038351716487101,0.8375,1.5464250542201077,proactive,1.0,5.208333333333334,98.125,3.3435014107862937,5.343213055577994,8.8,3.397027600849257,1.0,33.078642865135144,0.7541130909597492,46.70188923396216,1.369556743646976,3.958333333333333,2.4829313926326653,3.125,6.445948885788717,4.375,4.483128546272781,8.125
heavy,27,K=10,steps,2.4091723389574327e-05,5.457123475000117,0.06592153202624115,3.284761486946789,0.7739583333333333,1.4442333494899855,request_observed,1.0,4.166666666666666,97.91666666666666,3.32846669517359,5.261225051731176,9.237043865146285,2.127659574468085,0.9811298076923076,32.68679042643227,0.7587616786104003,43.75345481068235,1.3542456821362256,0.0,2.478647419318872,3.75,6.373397011537215,5.0,3.61976488851765,3.75
heavy,27,K=10,steps,2.4091723389574327e-05,5.457123475000117,0.06592153202624115,3.284761486946789,0.7739583333333333,1.4442333494899855,proactive,1.0,11.041666666666666,95.0,3.6118798457057903,6.223257237039887,14.96,6.359649122807018,0.9686298076923077,32.33545503192107,0.7601403481295806,42.53501912439837,1.3397979835229654,3.75,3.7729645995378984,10.0,8.426825036237133,6.875000000000001,8.8,16.25
heavy,27,K=50,steps,9.711930033518001e-07,4.989406984999732,0.18146754379094227,3.181469814354981,0.8208333333333333,1.3719121098351266,request_observed,1.0,1.0416666666666665,99.79166666666667,3.152513388229646,4.613856333998296,6.7256877029059225,0.8350730688935281,0.9962740384615385,32.90902835337338,0.7546857946199736,44.46814665554357,1.3633796354734398,0.0,2.4162272663680557,0.0,5.826008633420635,3.125,3.422033898305085,0.0
heavy,27,K=50,steps,9.711930033518001e-07,4.989406984999732,0.18146754379094227,3.181469814354981,0.8208333333333333,1.3719121098351266,proactive,1.0,6.458333333333334,97.70833333333333,3.362254899520028,5.417585848386731,8.8,4.264392324093817,0.992548076923077,32.47797375577888,0.7571937138160683,42.92022332558405,1.3457897104779026,3.5416666666666665,3.000335696720667,5.625,6.519658750167464,4.375,4.5915092864064775,9.375
heavy,27,variance beta,variance,6.0596444200200494e-06,5.056532846000209,0.09788208627451597,3.281881971265468,0.875,1.3870877749351986,request_observed,1.0,1.875,99.16666666666667,3.2105335390810694,4.9145662433427395,8.323671947660047,1.050420168067227,0.994951923076923,33.28351268005897,0.7544259555849846,46.46475365658453,1.3792670685850301,0.0,2.3610271325213232,1.25,5.8446448420455,3.75,3.422033898305085,0.625
heavy,27,variance beta,variance,6.0596444200200494e-06,5.056532846000209,0.09788208627451597,3.281881971265468,0.875,1.3870877749351986,proactive,1.0,6.25,97.5,3.3775903189236987,5.40345748533655,8.8,3.8461538461538463,0.9875,32.94995409965799,0.7562082264565994,45.24814584124316,1.3655426884028552,4.166666666666666,2.4694758951494085,3.75,6.408626151063911,4.375,4.862565099290702,10.625
heavy,27,M=64 samples,samples,6.0596444200200494e-06,5.154241018999983,0.3534319764708165,3.2359705219943775,0.7760416666666666,1.3952106718173087,request_observed,1.0,1.875,99.16666666666667,3.215043455422333,4.912033075479709,8.329460915466614,1.050420168067227,0.9912259615384617,32.78925938681879,0.7583019464268682,44.18213723912839,1.359165075662605,0.0,2.413683706677511,0.625,5.853123512366915,3.75,3.422033898305085,1.25
heavy,27,M=64 samples,samples,6.0596444200200494e-06,5.154241018999983,0.3534319764708165,3.2359705219943775,0.7760416666666666,1.3952106718173087,proactive,1.0,8.958333333333334,96.25,3.5043860126867026,5.726097125424363,12.906923992113958,5.411255411255411,0.9899038461538462,32.3994700755857,0.7612396337017473,42.80404370973328,1.3432599094565063,3.958333333333333,3.0912085059861294,8.75,7.247643043074556,5.625,5.010566317232382,12.5
heavy,27,M=256 samples,samples,6.0596444200200494e-06,5.38787709799999,3.4015975725488046,3.2359705219943775,0.7760416666666666,1.3952106718173087,request_observed,1.0,2.083333333333333,99.16666666666667,3.216071831791148,4.909540628335038,8.233110387947036,1.2605042016806722,0.994951923076923,32.79479345791687,0.75817602069318,44.2008789006847,1.3594424000461758,0.0,2.411174928834412,1.25,5.853259448295336,3.75,3.422033898305085,1.25
heavy,27,M=256 samples,samples,6.0596444200200494e-06,5.38787709799999,3.4015975725488046,3.2359705219943775,0.7760416666666666,1.3952106718173087,proactive,1.0,6.875000000000001,97.08333333333333,3.4361128925759465,5.720000000000001,9.54737638029388,4.07725321888412,0.994951923076923,32.37990295136686,0.7609918583624047,42.7302706410874,1.3424588596976785,3.75,2.566939898018641,5.0,6.77457667634583,5.0,4.8117271820368765,10.625
heavy,27,160 epochs (GAN budget),training,6.0596444200200494e-06,0.5433285270000852,0.09151559215692615,4.66914856849168,0.9416666666666667,2.3987743521130014,request_observed,1.0,1.0416666666666665,99.79166666666667,3.0984594671523547,4.592907412722203,6.701442785650082,0.8350730688935281,1.0,37.30970583383714,0.7187295754407931,64.43221568365772,1.5375226335477659,0.0,1.9306153846153846,0.0,5.800663111929165,3.125,3.3671215366709455,0.0
heavy,27,160 epochs (GAN budget),training,6.0596444200200494e-06,0.5433285270000852,0.09151559215692615,4.66914856849168,0.9416666666666667,2.3987743521130014,proactive,1.0,2.9166666666666665,99.16666666666667,3.1770860077227825,5.089243645879418,8.8,2.100840336134454,1.0,37.12318742418648,0.7201997285205942,63.71399474686191,1.5294494842034028,1.6666666666666667,1.9720939665010173,0.0,5.832404031571991,3.125,4.065857299246297,5.625
heavy,41,"default (cosine, K=20)",default,6.0596444200200494e-06,5.5435687689996485,0.11578218039241524,3.9248142233322785,0.8489583333333334,1.7466037209131196,request_observed,1.0,7.083333333333333,96.04166666666667,3.704799031307988,7.837806875409432,14.96,3.2537960954446854,0.9563701923076924,33.488507321739974,0.7492397881506111,49.46625697532879,1.3611200879085745,0.0,2.41918813281264,1.875,14.96,16.875,3.5134731861837585,2.5
heavy,41,"default (cosine, K=20)",default,6.0596444200200494e-06,5.5435687689996485,0.11578218039241524,3.9248142233322785,0.8489583333333334,1.7466037209131196,proactive,1.0,12.083333333333334,93.75,3.9762673553289374,9.050846904913232,14.96,6.222222222222222,0.967548076923077,33.04823679108021,0.7528491380004144,47.65820489447979,1.3435706903586502,4.791666666666667,3.3003716016016966,8.75,14.96,20.625,4.4086406534688996,6.875000000000001
heavy,41,schedule linear 1e-4..0.35,schedule,0.018009239807724953,5.089772004999759,0.09377693594751987,3.7962745344776194,0.8395833333333333,1.736179848291532,request_observed,1.0,5.208333333333334,97.29166666666667,3.60366466128069,6.884736335433862,14.96,2.569593147751606,0.9813701923076923,33.4366963473077,0.7527667060440907,48.18126350168919,1.358673089089333,0.0,1.9306153846153846,0.0,14.96,15.625,3.422033898305085,0.0
heavy,41,schedule linear 1e-4..0.35,schedule,0.018009239807724953,5.089772004999759,0.09377693594751987,3.7962745344776194,0.8395833333333333,1.736179848291532,proactive,1.0,10.416666666666668,95.20833333333333,3.8710052808218447,8.8,14.96,5.908096280087528,0.9888221153846153,33.01228037039065,0.7557414296995484,46.4565373882186,1.3417633673543579,5.416666666666667,2.623505084293642,5.625,14.96,19.375,4.141133475678822,6.25
heavy,41,schedule linear 1e-4..0.02 (legacy),schedule,0.8167771100997925,4.964111859000241,0.09038341699350318,4.407436902902146,0.928125,2.1478477430463836,request_observed,1.0,5.208333333333334,97.29166666666667,3.575766230560718,6.886049531232912,14.96,2.569593147751606,1.0,36.22422464757132,0.7371466678024274,60.31814227754593,1.4695470846971892,0.0,1.9306153846153846,0.0,14.96,15.625,3.422033898305085,0.0
heavy,41,schedule linear 1e-4..0.02 (legacy),schedule,0.8167771100997925,4.964111859000241,0.09038341699350318,4.407436902902146,0.928125,2.1478477430463836,proactive,1.0,8.75,95.83333333333334,3.7687359513457013,8.260852098468538,14.96,4.782608695652174,1.0,35.94846074122005,0.7386037839121669,59.371262072551694,1.4585889295806322,3.3333333333333335,2.1921185398341057,3.75,14.96,19.375,3.570921892869119,3.125
heavy,41,K=5,steps,9.404561569681391e-05,5.317341504000069,0.050232350326505006,4.068189052756758,0.753125,1.8337445285947058,request_observed,1.0,5.833333333333333,96.66666666666667,3.609701131416904,7.186975938413198,14.96,2.586206896551724,0.9241586538461538,32.64832978240577,0.75477921559779,44.2651577662058,1.327436602244474,0.0,2.4284201807616275,0.625,14.96,16.25,3.422033898305085,0.625
heavy,41,K=5,steps,9.404561569681391e-05,5.317341504000069,0.050232350326505006,4.068189052756758,0.753125,1.8337445285947058,proactive,1.0,15.416666666666668,92.91666666666667,4.015321440523945,9.050954154623128,14.96,8.968609865470851,0.9252403846153847,32.24072358908586,0.7582745722194646,42.84978296348829,1.3113598675100868,6.666666666666667,5.720000000000001,14.374999999999998,14.96,20.625,5.860916306413397,11.25
heavy,41,K=10,steps,2.4091723389574327e-05,5.153161738000108,0.06128379477113234,4.137926382267698,0.859375,1.6961602592710916,request_observed,1.0,5.208333333333334,97.29166666666667,3.5879149993942003,6.877275594703802,14.96,2.569593147751606,0.9701923076923077,33.53129751598143,0.7497991861381813,49.130486719927525,1.3628658402889806,0.0,2.412649892328938,0.0,14.96,15.625,3.422033898305085,0.0
heavy,41,K=10,steps,2.4091723389574327e-05,5.153161738000108,0.06128379477113234,4.137926382267698,0.859375,1.6961602592710916,proactive,1.0,10.416666666666668,95.20833333333333,3.861496549428794,8.8,14.96,5.908096280087528,0.9850961538461538,33.103245606147105,0.7535386697358841,47.36719567511092,1.3457986896723175,5.208333333333334,2.8986222478965793,8.125,14.96,19.375,3.7260177829330496,3.75
heavy,41,K=50,steps,9.711930033518001e-07,4.867763476000164,0.17698202483646372,3.678301310702261,0.834375,1.7101018768759149,request_observed,1.0,5.208333333333334,97.29166666666667,3.5675971756431313,6.872703809179015,14.96,2.569593147751606,0.9329326923076924,33.180200593589916,0.7495852331469444,47.7557036806157,1.34893787016007,0.0,2.417947368140437,0.0,14.96,15.625,3.422033898305085,0.0
heavy,41,K=50,steps,9.711930033518001e-07,4.867763476000164,0.17698202483646372,3.678301310702261,0.834375,1.7101018768759149,proactive,1.0,10.625,95.41666666666667,3.834624581526225,8.8,14.96,6.331877729257641,0.9441105769230769,32.68623891095151,0.7532157156267166,45.975902619228094,1.329277543026034,5.833333333333333,2.8551490403313946,6.875000000000001,14.96,19.375,4.094074056587047,5.625
heavy,41,variance beta,variance,6.0596444200200494e-06,4.880367101999582,0.10466361176488397,3.875593618270085,0.8864583333333333,1.8035208221154704,request_observed,1.0,5.208333333333334,97.29166666666667,3.598528034789219,6.872312838791717,14.96,2.569593147751606,0.992548076923077,34.121475318424345,0.7460048803058908,52.50851741913219,1.3863417231555843,0.0,1.9306153846153846,0.0,14.96,15.625,3.422033898305085,0.0
heavy,41,variance beta,variance,6.0596444200200494e-06,4.880367101999582,0.10466361176488397,3.875593618270085,0.8864583333333333,1.8035208221154704,proactive,1.0,9.791666666666666,95.20833333333333,3.8402561933134103,8.8,14.96,5.25164113785558,0.9888221153846153,33.733282066866735,0.7480013436776839,50.85443321529751,1.3708880153767011,3.75,2.8206248200161173,6.25,14.96,19.375,3.77399159095226,3.75
heavy,41,M=64 samples,samples,6.0596444200200494e-06,5.107864609999979,0.3510209986927377,3.9248142233322785,0.8489583333333334,1.7466037209131196,request_observed,1.0,5.208333333333334,97.29166666666667,3.6047326455676596,6.878586184994611,14.96,2.569593147751606,0.9888221153846153,33.64147394731972,0.7496052880065358,50.10082980471127,1.3671571899266226,0.0,1.9306153846153846,0.0,14.96,15.625,3.422033898305085,0.0
heavy,41,M=64 samples,samples,6.0596444200200494e-06,5.107864609999979,0.3510209986927377,3.9248142233322785,0.8489583333333334,1.7466037209131196,proactive,1.0,10.625,95.20833333333333,3.869037597209673,8.8,14.96,6.12691466083151,1.0,33.206195690876925,0.7530214696855904,48.388227953287966,1.3497947695924974,4.791666666666667,2.8390910533806597,7.5,14.96,19.375,3.89159226902583,5.0
heavy,41,M=256 samples,samples,6.0596444200200494e-06,5.4164844750002885,3.3315390692811944,3.9248142233322785,0.8489583333333334,1.7466037209131196,request_observed,1.0,5.208333333333334,97.29166666666667,3.6066055250743414,6.8790635628428864,14.96,2.569593147751606,0.992548076923077,33.678321861518114,0.7493833597477415,50.362196356580554,1.3686804004766517,0.0,1.9306153846153846,0.0,14.96,15.625,3.422033898305085,0.0
heavy,41,M=256 samples,samples,6.0596444200200494e-06,5.4164844750002885,3.3315390692811944,3.9248142233322785,0.8489583333333334,1.7466037209131196,proactive,1.0,9.791666666666666,95.41666666666667,3.8564084825619585,8.8,14.96,5.458515283842795,1.0,33.24818416683108,0.7525822743651691,48.56102323887506,1.3514895409783199,5.0,2.7031575087113633,5.625,14.96,19.375,3.8877929012728445,4.375
heavy,41,160 epochs (GAN budget),training,6.0596444200200494e-06,0.5903068239999811,0.10208941699376405,4.062633422045062,0.8916666666666667,1.9561694253826534,request_observed,1.0,5.208333333333334,97.29166666666667,3.586161846421813,6.873000429942446,14.96,2.569593147751606,0.9888221153846153,34.43518633201435,0.7384498176733629,52.525686315591074,1.3981391085805213,0.0,1.9306153846153846,0.0,14.96,15.625,3.422033898305085,0.0
heavy,41,160 epochs (GAN budget),training,6.0596444200200494e-06,0.5903068239999811,0.10208941699376405,4.062633422045062,0.8916666666666667,1.9561694253826534,proactive,1.0,9.583333333333334,95.41666666666667,3.8274123413248393,8.8,14.96,5.240174672489083,0.9888221153846153,34.05117025142532,0.7406714115231836,50.93306322424763,1.3828706666774102,5.0,2.550752258469476,5.0,14.96,19.375,3.932987382351173,4.375
heavy,59,"default (cosine, K=20)",default,6.0596444200200494e-06,5.540645292000136,0.09828355163383355,2.9704823685693023,0.803125,1.382686384875077,request_observed,1.0,3.3333333333333335,98.33333333333333,3.263865610628831,4.762887751947591,9.796410807593544,1.694915254237288,0.9824519230769232,31.975183295139303,0.7640703384431216,43.94219151545,1.384905140289236,0.0,2.411157569499806,1.875,6.117994523793589,5.0,3.5407767590587538,3.125
heavy,59,"default (cosine, K=20)",default,6.0596444200200494e-06,5.540645292000136,0.09828355163383355,2.9704823685693023,0.803125,1.382686384875077,proactive,1.0,7.083333333333333,97.08333333333333,3.384821579694771,5.434990227039461,9.795868386809,4.291845493562231,0.9875,31.697522851758276,0.7657925189843034,42.93798613856177,1.373156786860743,3.75,3.1993309638816685,8.125,7.031979023076721,6.25,4.56212632074986,6.875000000000001
heavy,59,schedule linear 1e-4..0.35,schedule,0.018009239807724953,4.958767960999921,0.09018088235309442,2.9620479278231033,0.8125,1.3903877132741735,request_observed,1.0,1.25,99.58333333333333,3.1440153308269485,4.193939920967377,6.953662725954049,0.8368200836820083,0.992548076923077,32.10795270297708,0.7628695883056459,44.52719631183877,1.390359791494441,0.0,1.9306153846153846,0.0,5.60680243180263,3.75,3.422033898305085,0.0
heavy,59,schedule linear 1e-4..0.35,schedule,0.018009239807724953,4.958767960999921,0.09018088235309442,2.9620479278231033,0.8125,1.3903877132741735,proactive,1.0,7.5,96.875,3.4088466168576255,5.696186010950556,12.617056092397162,4.516129032258064,0.9912259615384615,31.847774875609847,0.7648598855890004,43.62531863974092,1.3793849163968122,3.75,3.1995440209472124,8.125,7.3383258514466805,7.5,4.529440916550047,6.875000000000001
heavy,59,schedule linear 1e-4..0.02 (legacy),schedule,0.8167771100997925,4.769732877999559,0.0872294196079904,3.590210236029248,0.9479166666666666,1.793135313412024,request_observed,1.0,1.4583333333333333,99.58333333333333,3.106281733669643,4.193939920967377,6.956593751980181,1.0460251046025104,1.0,34.76571772395231,0.7480707852983751,56.798746823531175,1.5034654862776125,0.0,1.9306153846153846,0.0,5.700442906481779,4.375,3.422033898305085,0.0
heavy,59,schedule linear 1e-4..0.02 (legacy),schedule,0.8167771100997925,4.769732877999559,0.0872294196079904,3.590210236029248,0.9479166666666666,1.793135313412024,proactive,1.0,3.958333333333333,98.75,3.1910267104733436,4.389837749559592,8.8,2.7426160337552745,1.0,34.5814154549937,0.7490855194503283,55.98776170216339,1.4956144033417715,2.083333333333333,2.3767956208377865,3.125,5.701405751487514,4.375,3.7780529180940996,4.375
heavy,59,K=5,steps,9.404561569681391e-05,5.037421528999857,0.05162434640535103,3.1484289123078555,0.75625,1.4288803684613463,request_observed,1.0,1.25,99.58333333333333,3.1272376630575938,4.160472582439533,6.955377221301811,0.8368200836820083,0.9664663461538462,31.75767951519316,0.7664197194231198,42.50043403650255,1.375894967303687,0.0,2.4148650019404343,0.0,5.606978977214008,3.75,3.422033898305085,0.0
heavy,59,K=5,steps,9.404561569681391e-05,5.037421528999857,0.05162434640535103,3.1484289123078555,0.75625,1.4288803684613463,proactive,1.0,6.666666666666667,97.29166666666667,3.344527666049827,5.20028085290282,9.470792494841962,4.068522483940043,0.9651442307692306,31.55322155530972,0.7676030837458937,41.888169355423614,1.36737348743337,3.958333333333333,3.1994652342847685,8.125,7.039164314463737,6.25,4.1613707291197555,5.625
heavy,59,K=10,steps,2.4091723389574327e-05,5.034978078999757,0.06211408627422274,3.1162423911667663,0.80625,1.3813259697656812,request_observed,1.0,1.4583333333333333,99.58333333333333,3.151071746142232,4.193939920967377,6.952755825785004,1.0460251046025104,0.9962740384615385,32.024337576309115,0.7652575885156688,44.16534707377621,1.3867905142172037,0.0,1.9306153846153846,0.0,5.721961288198732,4.375,3.422033898305085,0.0
heavy,59,K=10,steps,2.4091723389574327e-05,5.034978078999757,0.06211408627422274,3.1162423911667663,0.80625,1.3813259697656812,proactive,1.0,5.833333333333333,97.91666666666666,3.3111884507405978,4.802028624536586,8.88782209732928,3.829787234042553,0.9962740384615385,31.80188313110467,0.7666035013493404,43.350047069572774,1.3773985734097363,3.125,3.1276369222894598,7.5,6.832742095255348,5.625,3.8657656670262566,4.375
heavy,59,K=50,steps,9.711930033518001e-07,5.153879194000183,0.21533354248377792,3.0372746507844326,0.8864583333333333,1.3927455750761681,request_observed,1.0,1.25,99.58333333333333,3.0945015939952905,4.1567000835773635,6.937401670965177,0.8368200836820083,0.9478365384615385,32.60393660298272,0.7568843435629992,46.88359460028771,1.4125680916130199,0.0,2.4187429830567453,0.0,5.606283982433349,3.75,3.422033898305085,0.0
heavy,59,K=50,steps,9.711930033518001e-07,5.153879194000183,0.21533354248377792,3.0372746507844326,0.8864583333333333,1.3927455750761681,proactive,1.0,5.208333333333334,98.125,3.2097023396506494,4.530482364878695,8.120769433496498,3.397027600849257,0.9366586538461537,32.31486042526536,0.7584045896231547,45.731382261030745,1.4003235847208888,3.3333333333333335,3.1304084438094475,7.5,5.740085394135425,3.75,3.666871410068866,4.375
heavy,59,variance beta,variance,6.0596444200200494e-06,4.878654347000065,0.08810292418251134,2.9956356942388465,0.8739583333333333,1.3952766939680228,request_observed,1.0,1.25,99.58333333333333,3.1353274586846926,4.193939920967377,6.953585833654158,0.8368200836820083,0.992548076923077,32.570152758514325,0.7593121668992773,46.81511116524865,1.4100938030905315,0.0,1.9306153846153846,0.0,5.606277130747737,3.75,3.422033898305085,0.0
heavy,59,variance beta,variance,6.0596444200200494e-06,4.878654347000065,0.08810292418251134,2.9956356942388465,0.8739583333333333,1.3952766939680228,proactive,1.0,6.041666666666667,97.91666666666666,3.2983647699711027,4.781676554361871,8.885849125805535,4.042553191489362,0.9962740384615385,32.33962385326862,0.7608361746770951,45.96791961656596,1.4003037136437178,2.9166666666666665,3.1231214797981073,7.5,6.873159337459829,5.625,3.960826851210331,5.0
heavy,59,M=64 samples,samples,6.0596444200200494e-06,4.851581921000161,0.4047496575165294,2.9704823685693023,0.803125,1.382686384875077,request_observed,1.0,1.4583333333333333,99.58333333333333,3.144600817702091,4.193939920967377,6.952794000032906,1.0460251046025104,0.992548076923077,32.09570930108359,0.7633962339458383,44.50437133912196,1.3899853772499333,0.0,1.9306153846153846,0.0,5.718017739447051,4.375,3.422033898305085,0.0
heavy,59,M=64 samples,samples,6.0596444200200494e-06,4.851581921000161,0.4047496575165294,2.9704823685693023,0.803125,1.382686384875077,proactive,1.0,6.041666666666667,97.91666666666666,3.312418982072475,4.780501346907991,8.887539626225257,4.042553191489362,1.0,31.827576763154468,0.7655628524423614,43.54069421141066,1.3786422612342006,3.3333333333333335,3.1331525713642425,7.5,6.886543753764988,6.25,3.8803654392583726,4.375
heavy,59,M=256 samples,samples,6.0596444200200494e-06,5.466154237999945,3.603493813071967,2.9704823685693023,0.803125,1.382686384875077,request_observed,1.0,1.4583333333333333,99.58333333333333,3.1465967055315365,4.193939920967377,6.952352617397295,1.0460251046025104,0.9962740384615385,32.11959808275559,0.7635377716740506,44.61068836346988,1.3909852501380322,0.0,1.9306153846153846,0.0,5.717949427468996,4.375,3.422033898305085,0.0
heavy,59,M=256 samples,samples,6.0596444200200494e-06,5.466154237999945,3.603493813071967,2.9704823685693023,0.803125,1.382686384875077,proactive,1.0,6.041666666666667,97.91666666666666,3.31037255950892,4.784865240702238,8.8868174274378,4.042553191489362,1.0,31.849078052704847,0.7654033104269583,43.61591251876107,1.3795159728103819,3.125,3.1331525713642425,7.5,6.88576069400978,6.25,3.882746105797846,4.375
heavy,59,160 epochs (GAN budget),training,6.0596444200200494e-06,0.5598568379996323,0.11635520784313211,4.9417314047508984,0.9583333333333334,3.1156673309601786,request_observed,1.0,1.4583333333333333,99.58333333333333,3.0520689172526914,4.193939920967377,6.919822227235624,1.0460251046025104,0.9962740384615385,38.51653832331018,0.7457858876952228,76.34726761238619,1.6801408451053965,0.0,2.324423622578162,0.0,5.695004272246679,4.375,3.3268616297865194,0.0
heavy,59,160 epochs (GAN budget),training,6.0596444200200494e-06,0.5598568379996323,0.11635520784313211,4.9417314047508984,0.9583333333333334,3.1156673309601786,proactive,1.0,5.0,98.125,3.176451744990222,4.605934394102771,8.8,3.1847133757961785,0.992548076923077,38.33142137025689,0.7467560726593618,75.60515180152768,1.6723281048917213,2.9166666666666665,2.384003835120723,4.375,5.695004272246682,4.375,4.188702296374998,6.25
heavy,73,"default (cosine, K=20)",default,6.0596444200200494e-06,5.355586449000384,0.09205611372546592,3.0813917622029146,0.8302083333333333,1.384971904908748,request_observed,1.0,1.25,99.375,3.0116336410244404,4.070529225375564,5.675793983532729,0.628930817610063,0.8682692307692307,32.903907857994696,0.7507034400365356,44.11111846398102,1.3951155021739885,0.0,2.43461538462466,1.25,4.795132941336103,0.625,3.4220795323232727,1.875
heavy,73,"default (cosine, K=20)",default,6.0596444200200494e-06,5.355586449000384,0.09205611372546592,3.0813917622029146,0.8302083333333333,1.384971904908748,proactive,1.0,8.333333333333332,97.08333333333333,3.231758363519744,5.19215699229616,8.8,5.579399141630901,0.8570913461538462,32.57568412141779,0.7523800934468825,43.2232917252358,1.3816223341364606,4.166666666666666,2.9432180592056274,8.75,5.488874687386336,2.5,5.455806553141688,13.750000000000002
heavy,73,schedule linear 1e-4..0.35,schedule,0.018009239807724953,5.1482749879996845,0.09123877777764232,3.026161135232478,0.8583333333333333,1.3990037268756486,request_observed,1.0,1.25,99.375,3.0163535791970233,4.07250459597309,5.6816670249017704,0.628930817610063,0.8794471153846153,33.125964938668965,0.7496263662883738,45.293546013369074,1.4037474541050996,0.0,2.434615384615385,1.25,4.79285436936692,0.625,3.4220513570627316,1.875
heavy,73,schedule linear 1e-4..0.35,schedule,0.018009239807724953,5.1482749879996845,0.09123877777764232,3.026161135232478,0.8583333333333333,1.3990037268756486,proactive,1.0,8.125,97.29166666666667,3.2284868999863052,5.117975433313081,8.8,5.567451820128479,0.8682692307692307,32.82484984620383,0.7508858973091614,44.44183080622525,1.3913094634208334,4.166666666666666,2.6413842432914016,7.5,5.486641063128574,2.5,5.455805683104008,14.374999999999998
heavy,73,schedule linear 1e-4..0.02 (legacy),schedule,0.8167771100997925,5.1620432419999815,0.0945436810456919,3.3400223659211075,0.9510416666666667,1.7559696639272995,request_observed,1.0,0.0,100.0,2.9969395969277204,3.9435292319595954,4.81443927664756,0.0,0.9776442307692307,35.1533383042846,0.7440731287562024,55.1381789887034,1.488259609599807,0.0,1.9306153846153846,0.0,4.519915476922577,0.0,3.422033898305085,0.0
heavy,73,schedule linear 1e-4..0.02 (legacy),schedule,0.8167771100997925,5.1620432419999815,0.0945436810456919,3.3400223659211075,0.9510416666666667,1.7559696639272995,proactive,1.0,4.583333333333333,98.54166666666667,3.1552225526020745,4.504072073452484,8.8,3.171247357293869,0.9813701923076923,34.98929098184241,0.7455342669622247,54.67187057450571,1.4815286783433712,2.7083333333333335,2.318266134819798,1.875,4.809275791110071,1.25,4.915465770780474,10.625
heavy,73,K=5,steps,9.404561569681391e-05,5.354729124000187,0.04699956470610345,3.0932497196361814,0.8291666666666667,1.3411002506563794,request_observed,1.0,0.0,100.0,2.9586162855167735,3.9410417772117685,4.815227587385936,0.0,0.8844951923076924,32.84796166497344,0.7516559642605525,43.459958309688936,1.3920004199145124,0.0,2.434615384615385,0.0,4.540061453640911,0.0,3.422033898305085,0.0
heavy,73,K=5,steps,9.404561569681391e-05,5.354729124000187,0.04699956470610345,3.0932497196361814,0.8291666666666667,1.3411002506563794,proactive,1.0,6.25,98.125,3.1612333646191084,4.652926385988584,8.8,4.45859872611465,0.8807692307692306,32.572377187505616,0.7530916325989112,42.76444558003619,1.3806927130371502,3.75,2.627741045067382,7.5,5.201701135493877,1.875,4.6643338966807235,9.375
heavy,73,K=10,steps,2.4091723389574327e-05,5.126729355999942,0.06432535163399092,2.9758983807971067,0.825,1.3628467378669162,request_observed,1.0,0.0,100.0,2.956074536592729,3.9420442515121166,4.815738639691144,0.0,0.8807692307692306,32.92760650940571,0.7509239456053837,44.116417392119615,1.3954556952658506,0.0,2.434615384615385,0.0,4.522780111061913,0.0,3.422033898305085,0.0
heavy,73,K=10,steps,2.4091723389574327e-05,5.126729355999942,0.06432535163399092,2.9758983807971067,0.825,1.3628467378669162,proactive,1.0,6.458333333333334,97.91666666666666,3.169792517901239,4.663837197654363,8.8,4.468085106382979,0.8733173076923076,32.66350308259115,0.7520619431177978,43.446736891185544,1.3845876065187777,3.958333333333333,2.6866228702254333,6.875000000000001,5.204585643592792,1.875,4.915864613418458,10.625
heavy,73,K=50,steps,9.711930033518001e-07,5.296813114000088,0.1865253294115474,3.1043852795937736,0.8864583333333333,1.4807483301964075,request_observed,1.0,0.0,100.0,2.98694907311003,3.9557003660820085,4.823738582886219,0.0,0.9366586538461537,33.71309820258069,0.7506340614296252,48.28883448979425,1.4273023136019796,0.0,2.3995399188756847,0.0,4.528687700381369,0.0,3.422033898305085,0.0
heavy,73,K=50,steps,9.711930033518001e-07,5.296813114000088,0.1865253294115474,3.1043852795937736,0.8864583333333333,1.4807483301964075,proactive,1.0,4.791666666666667,98.54166666666667,3.1381996480442864,4.538596506008554,7.296372474372683,3.382663847780127,0.9292067307692307,33.44970150979213,0.7517343423688347,47.476557820081815,1.4163482616616805,3.125,2.427194891070315,3.125,4.805689704150166,1.25,4.66584677182779,10.0
heavy,73,variance beta,variance,6.0596444200200494e-06,4.766281329000321,0.09385308888881601,3.153279988029888,0.903125,1.4433232668884564,request_observed,1.0,0.0,100.0,2.959254445762172,3.9297356836086945,4.814948346456289,0.0,0.903125,33.55874538613362,0.7472396614012542,47.54716723024825,1.4224788791171883,0.0,2.43272491721038,0.0,4.517157685166134,0.0,3.422033898305085,0.0
heavy,73,variance beta,variance,6.0596444200200494e-06,4.766281329000321,0.09385308888881601,3.153279988029888,0.903125,1.4433232668884564,proactive,1.0,6.041666666666667,97.91666666666666,3.1630269776237565,4.64883829729116,8.8,4.042553191489362,0.8956730769230768,33.25274370494626,0.7490230463235548,46.72280763730558,1.4098820355863015,3.125,2.5936129818994282,5.0,5.183530593847978,1.875,4.915795003879933,11.25
heavy,73,M=64 samples,samples,6.0596444200200494e-06,4.7300607520000995,0.37632678823487653,3.0813917622029146,0.8302083333333333,1.384971904908748,request_observed,1.0,0.0,100.0,2.939913018116302,3.9334029238956005,4.80672113359709,0.0,0.8658653846153846,33.112076687625134,0.7482622107598154,45.08892418296203,1.403712617238334,0.0,2.434615384615385,0.0,4.513030475620489,0.0,3.422033898305085,0.0
heavy,73,M=64 samples,samples,6.0596444200200494e-06,4.7300607520000995,0.37632678823487653,3.0813917622029146,0.8302083333333333,1.384971904908748,proactive,1.0,6.458333333333334,98.125,3.1340727042007406,4.648200004774782,8.8,4.670912951167728,0.8695913461538461,32.80901394550543,0.7505099153741714,44.25893826953096,1.391295012453339,3.75,2.616119107885803,6.25,4.979508504755796,1.25,4.915865010727552,11.875
heavy,73,M=256 samples,samples,6.0596444200200494e-06,5.137709911999991,3.412890311111232,3.0813917622029146,0.8302083333333333,1.384971904908748,request_observed,1.0,0.0,100.0,2.9426540152937073,3.932392738738215,4.807972378909158,0.0,0.8695913461538461,33.120058795095595,0.748360260214289,45.209019187210465,1.4040859558942902,0.0,2.434615384615385,0.0,4.519115747073506,0.0,3.422033898305085,0.0
heavy,73,M=256 samples,samples,6.0596444200200494e-06,5.137709911999991,3.412890311111232,3.0813917622029146,0.8302083333333333,1.384971904908748,proactive,1.0,6.875000000000001,97.70833333333333,3.1628304784864176,4.8893762656179875,8.8,4.690831556503198,0.8584134615384615,32.83495882999044,0.7494429078710425,44.4762807417891,1.3924085200928977,3.75,2.731772613995862,7.5,5.18620134583703,1.875,4.915856705794313,11.25
heavy,73,160 epochs (GAN budget),training,6.0596444200200494e-06,0.4965987310001765,0.09458070065377445,3.5650685669252065,0.9197916666666667,1.774800504799164,request_observed,1.0,0.0,100.0,3.0086070119510993,3.969847504974263,4.820850476835114,0.0,0.992548076923077,34.88052743539427,0.7416233657539124,52.30095365923344,1.4744172005028067,0.0,1.9306153846153846,0.0,4.52392837871488,0.0,3.422033898305085,0.0
heavy,73,160 epochs (GAN budget),training,6.0596444200200494e-06,0.4965987310001765,0.09458070065377445,3.5650685669252065,0.9197916666666667,1.774800504799164,proactive,1.0,3.3333333333333335,99.16666666666667,3.128202209527743,4.239145441430039,5.762636235654447,2.5210084033613445,0.992548076923077,34.61444938260311,0.7434350247863752,51.394697481404044,1.4632458366221284,3.5416666666666665,2.065869964467248,1.875,4.675473175785617,1.25,4.197018980884359,6.875000000000001
heavy,89,"default (cosine, K=20)",default,6.0596444200200494e-06,5.202815729000122,0.09246675424863948,6.289224131816657,0.7427083333333333,2.936592284245053,request_observed,1.0,6.041666666666667,96.04166666666667,3.799023741895966,7.200527301158626,14.96,2.1691973969631237,0.9763221153846153,34.60345128500924,0.742192667081927,66.49337240482282,1.3104084298286536,0.0,2.385408914732198,1.875,14.96,15.625,3.422033976674825,0.625
heavy,89,"default (cosine, K=20)",default,6.0596444200200494e-06,5.202815729000122,0.09246675424863948,6.289224131816657,0.7427083333333333,2.936592284245053,proactive,1.0,10.833333333333334,94.58333333333333,4.004197860977764,10.021202259019166,14.96,5.726872246696035,0.9725961538461538,34.30864587022212,0.7434738376744552,65.52510758796531,1.299571966732451,4.375,2.5251002662938142,5.0,14.96,18.125,4.536675953923675,9.375
heavy,89,schedule linear 1e-4..0.35,schedule,0.018009239807724953,5.1452880150000055,0.09326882091520816,3.9567123376976308,0.7427083333333333,1.8309799751496607,request_observed,1.0,5.0,96.66666666666667,3.748650859890778,5.813257286099476,14.96,1.7241379310344827,0.9888221153846153,34.43500927213049,0.7475672838104324,44.56492910427769,1.3029818263147206,0.0,2.3628207630869356,0.0,14.96,15.0,3.422033898305085,0.0
heavy,89,schedule linear 1e-4..0.35,schedule,0.018009239807724953,5.1452880150000055,0.09326882091520816,3.9567123376976308,0.7427083333333333,1.8309799751496607,proactive,1.0,9.375,95.20833333333333,3.948632681226896,8.849517362680722,14.96,4.814004376367615,0.9813701923076923,34.13513773262591,0.7488485835414427,43.23280391256695,1.2919205835804368,4.375,2.386140461280955,2.5,14.96,17.5,4.19860031848882,8.125
heavy,89,schedule linear 1e-4..0.02 (legacy),schedule,0.8167771100997925,5.099696646000211,0.09074795294105166,5.690894040074064,0.8375,3.717865530105458,request_observed,1.0,5.0,96.66666666666667,3.6969402848707604,5.829671464989827,14.96,1.7241379310344827,0.992548076923077,38.931331217052396,0.7249084654373823,61.0278531640097,1.4691204409171912,0.0,1.9306153846153846,0.0,14.96,15.0,3.422033898305085,0.0
heavy,89,schedule linear 1e-4..0.02 (legacy),schedule,0.8167771100997925,5.099696646000211,0.09074795294105166,5.690894040074064,0.8375,3.717865530105458,proactive,1.0,6.041666666666667,96.25,3.7697589485201157,7.183904704217363,14.96,2.380952380952381,0.992548076923077,38.75037749742773,0.7260456414037393,60.41462445908398,1.462366625621452,2.2916666666666665,1.9723034489904934,0.0,14.96,15.625,3.717468196556211,2.5
heavy,89,K=5,steps,9.404561569681391e-05,5.206321396000021,0.04913884705910592,5.954172193330567,0.6697916666666667,2.55445649014952,request_observed,1.0,5.0,96.66666666666667,3.73812512300647,5.803275506156288,14.96,1.7241379310344827,0.9813701923076923,34.22420067198936,0.7450208676330239,50.11051460599994,1.295767697067991,0.0,2.418476008910553,0.0,14.96,15.0,3.422033898305085,0.0
heavy,89,K=5,steps,9.404561569681391e-05,5.206321396000021,0.04913884705910592,5.954172193330567,0.6697916666666667,2.55445649014952,proactive,1.0,9.583333333333334,95.20833333333333,3.9514071017465944,8.84894200839414,14.96,5.032822757111598,0.9776442307692307,33.998001652636766,0.7455841930249522,49.5178134028329,1.287510914320636,5.0,2.4346195768558747,2.5,14.96,17.5,4.40931227093741,8.75
heavy,89,K=10,steps,2.4091723389574327e-05,5.000640489000034,0.06288486797381303,4.176105062220335,0.6854166666666667,1.9577808057614896,request_observed,1.0,5.0,96.66666666666667,3.7306730579112157,5.786554529926915,14.96,1.7241379310344827,0.9701923076923077,34.18899484629676,0.7463750103417224,45.77300883871387,1.2945124149539133,0.0,2.434615384615385,0.0,14.96,15.0,3.422033898305085,0.0
heavy,89,K=10,steps,2.4091723389574327e-05,5.000640489000034,0.06288486797381303,4.176105062220335,0.6854166666666667,1.9577808057614896,proactive,1.0,10.208333333333334,94.79166666666666,3.967430991119112,8.849165785481224,14.96,5.274725274725275,0.9701923076923077,33.86980322069405,0.7483778850574284,44.41962905806208,1.282738222893669,5.0,2.526594295074647,3.75,14.96,17.5,4.5419274557870875,9.375
heavy,89,K=50,steps,9.711930033518001e-07,5.067630939000082,0.21014018954279842,22.948621996287496,0.6625,13.235202724347433,request_observed,1.0,5.0,96.66666666666667,3.726989548537262,5.758352308827303,14.96,1.7241379310344827,0.9664663461538462,34.54524588310029,0.7386612351944286,246.420760580473,1.3093283236061928,0.0,2.417512342369404,0.0,14.96,15.0,3.422033898305085,0.0
heavy,89,K=50,steps,9.711930033518001e-07,5.067630939000082,0.21014018954279842,22.948621996287496,0.6625,13.235202724347433,proactive,1.0,10.0,94.79166666666666,3.9688751128473796,8.849567457290263,14.96,5.054945054945055,0.9701923076923077,34.212535606767055,0.7404851620408037,246.20067095782102,1.2970463260239788,6.041666666666667,2.472215034570157,3.125,14.96,16.875,4.510326149753889,10.0
heavy,89,variance beta,variance,6.0596444200200494e-06,5.2955447159997675,0.10025377908521453,6.177391960551874,0.8145833333333333,2.814553629697449,request_observed,1.0,5.0,96.66666666666667,3.7369702281270434,5.74045216746028,14.96,1.7241379310344827,0.9888221153846153,35.108318478982056,0.738558987990068,68.78812192115713,1.3293198519354241,0.0,2.3615055117042956,0.0,14.96,15.0,3.422033898305085,0.0
heavy,89,variance beta,variance,6.0596444200200494e-06,5.2955447159997675,0.10025377908521453,6.177391960551874,0.8145833333333333,2.814553629697449,proactive,1.0,9.791666666666666,94.79166666666666,3.974038689233916,10.017699976777772,14.96,4.835164835164836,0.980048076923077,34.85943021955665,0.7395385117639354,67.89554554120546,1.3201563475878935,3.75,2.5156341085975913,5.0,14.96,18.75,4.024131293436026,5.625
heavy,89,M=64 samples,samples,6.0596444200200494e-06,5.232802076000098,0.38658490457534567,6.289224131816657,0.7427083333333333,2.936592284245053,request_observed,1.0,5.0,96.66666666666667,3.7435219193231135,5.758017094095945,14.96,1.7241379310344827,0.9888221153846153,34.65511016113057,0.7430266632223941,67.7179976762079,1.3123713127630503,0.0,2.3951454485377197,0.0,14.96,15.0,3.422033898305085,0.0
heavy,89,M=64 samples,samples,6.0596444200200494e-06,5.232802076000098,0.38658490457534567,6.289224131816657,0.7427083333333333,2.936592284245053,proactive,1.0,8.75,95.20833333333333,3.9505560157671487,8.849154261340091,14.96,4.157549234135667,0.9888221153846153,34.35727817924287,0.7445524144717747,66.68309263081235,1.30139326543129,4.583333333333333,2.4026717169739658,2.5,14.96,17.5,4.270399476295561,6.25
heavy,89,M=256 samples,samples,6.0596444200200494e-06,5.386360698000317,3.4129745084969043,6.289224131816657,0.7427083333333333,2.936592284245053,request_observed,1.0,5.0,96.66666666666667,3.7437079516003666,5.755742422708078,14.96,1.7241379310344827,0.9888221153846153,34.66657035763159,0.7429577958836151,66.69588814803912,1.312764098263156,0.0,2.3946887749317787,0.0,14.96,15.0,3.422033898305085,0.0
heavy,89,M=256 samples,samples,6.0596444200200494e-06,5.386360698000317,3.4129745084969043,6.289224131816657,0.7427083333333333,2.936592284245053,proactive,1.0,8.75,95.20833333333333,3.9474450442278974,8.849319602721504,14.96,4.157549234135667,0.9888221153846153,34.38624138224182,0.7444094192920365,65.79173985366558,1.3024440272669136,4.791666666666667,2.402861050795171,2.5,14.96,17.5,4.2340418638057615,6.25
heavy,89,160 epochs (GAN budget),training,6.0596444200200494e-06,0.5152694339999471,0.09382956339834064,10.000007348521502,0.9,4.124846682047077,request_observed,1.0,5.0,96.66666666666667,3.711562232012045,5.703608390882732,14.96,1.7241379310344827,0.9962740384615385,37.77759226111622,0.7031357855177515,89.71977911392564,1.4306362827472778,0.0,2.338237628103011,0.0,14.96,15.0,3.422033898305085,0.0
heavy,89,160 epochs (GAN budget),training,6.0596444200200494e-06,0.5152694339999471,0.09382956339834064,10.000007348521502,0.9,4.124846682047077,proactive,1.0,8.333333333333332,95.20833333333333,3.911210991848412,8.848931145115642,14.96,3.7199124726477026,0.9962740384615385,37.49434626413944,0.7044229371765744,88.94203954039385,1.4200322223638357,4.375,2.3717556917592164,1.875,14.96,17.5,4.098500856054534,5.625
heavy,97,"default (cosine, K=20)",default,6.0596444200200494e-06,4.7497706570002265,0.08802368235289275,3.5332957485098735,0.778125,1.7216733459878926,request_observed,1.0,6.25,95.83333333333334,3.7960394023247943,8.744481016379789,14.96,2.1739130434782608,0.9837740384615383,32.591375197708956,0.7599625959418932,44.52113230946127,1.3279082109051108,0.0,2.428461652978676,0.625,14.96,16.875,3.4221233669514075,1.25
heavy,97,"default (cosine, K=20)",default,6.0596444200200494e-06,4.7497706570002265,0.08802368235289275,3.5332957485098735,0.778125,1.7216733459878926,proactive,1.0,11.666666666666666,94.16666666666667,3.9521758529257673,8.8,14.96,6.1946902654867255,0.9850961538461538,32.187712399883154,0.7623229364610902,43.16958975910925,1.3118061053515306,4.375,3.2660624243605048,10.0,14.96,16.875,4.523043521900927,8.125
heavy,97,schedule linear 1e-4..0.35,schedule,0.018009239807724953,4.843985986999996,0.08970773986910144,3.4391259843579842,0.8260416666666667,1.5927405536267263,request_observed,1.0,5.416666666666667,96.45833333333333,3.7325979451375364,7.650603345027565,14.96,1.9438444924406046,0.992548076923077,32.9024672060301,0.7574316854580447,46.04536592751737,1.3405550074573827,0.0,2.376412979443278,0.0,14.96,16.25,3.422033898305085,0.0
heavy,97,schedule linear 1e-4..0.35,schedule,0.018009239807724953,4.843985986999996,0.08970773986910144,3.4391259843579842,0.8260416666666667,1.5927405536267263,proactive,1.0,11.666666666666666,94.16666666666667,3.948153056790069,8.8,14.96,6.1946902654867255,0.9962740384615385,32.51840735487176,0.7603688486697083,44.69875886348685,1.3251901888871584,4.166666666666666,3.266069965859378,10.0,14.96,16.875,4.50565896873105,8.125
heavy,97,schedule linear 1e-4..0.02 (legacy),schedule,0.8167771100997925,4.868683323999903,0.0898192444444302,3.8606737609622477,0.9177083333333333,1.8721841484346895,request_observed,1.0,5.416666666666667,96.45833333333333,3.7063208915958614,7.654737502039478,14.96,1.9438444924406046,0.9962740384615385,34.65451775002714,0.7457613303873488,53.5649510126583,1.4111039521872335,0.0,1.9306153846153846,0.0,14.96,16.25,3.422033898305085,0.0
heavy,97,schedule linear 1e-4..0.02 (legacy),schedule,0.8167771100997925,4.868683323999903,0.0898192444444302,3.8606737609622477,0.9177083333333333,1.8721841484346895,proactive,1.0,10.833333333333334,94.375,3.919286949962867,8.85307693540972,14.96,5.518763796909492,1.0,34.381334155925224,0.7475958986001856,52.653511940566844,1.4003273200130804,3.5416666666666665,3.0216289945185895,8.75,14.96,17.5,4.194397026915137,6.25
heavy,97,K=5,steps,9.404561569681391e-05,4.964933983000265,0.05012473202619802,4.013390920243136,0.6604166666666667,2.1146578727083125,request_observed,1.0,6.458333333333334,95.83333333333334,3.799299262885472,8.744481016379789,14.96,2.391304347826087,0.9800480769230768,32.15067314522243,0.7634196527345999,42.092096268598546,1.3100128187541373,0.0,2.437897325492188,1.875,14.96,16.875,3.422033904157535,0.625
heavy,97,K=5,steps,9.404561569681391e-05,4.964933983000265,0.05012473202619802,4.013390920243136,0.6604166666666667,2.1146578727083125,proactive,1.0,16.458333333333332,91.45833333333333,4.207523763167501,14.96,14.96,8.656036446469248,0.9611778846153847,31.853944056990052,0.7643505966137569,41.29204654610568,1.2983250754197393,4.375,5.720000000000001,16.875,14.96,20.0,5.688283750719548,12.5
heavy,97,K=10,steps,2.4091723389574327e-05,5.1832122609998805,0.06373676339886171,3.763533460277834,0.7666666666666667,1.8632548244742646,request_observed,1.0,6.25,95.83333333333334,3.790551028548801,8.744481016379789,14.96,2.1739130434782608,0.9837740384615383,32.690465568787246,0.7583945258871335,44.66244403765668,1.3316549756767413,0.0,2.3878831345236855,1.25,14.96,16.875,3.4220367909320673,0.625
heavy,97,K=10,steps,2.4091723389574327e-05,5.1832122609998805,0.06373676339886171,3.763533460277834,0.7666666666666667,1.8632548244742646,proactive,1.0,13.750000000000002,92.91666666666667,4.084512989624939,12.81555542498657,14.96,7.174887892376682,0.9861778846153847,32.34147995085398,0.7610002155154124,43.465891915067125,1.3178408358650047,3.75,3.499264996213568,12.5,14.96,18.75,4.836080561238319,10.0
heavy,97,K=50,steps,9.711930033518001e-07,5.099519308000254,0.19101086274495888,3.350037001813029,0.8510416666666667,1.4919729587046626,request_observed,1.0,6.25,95.83333333333334,3.7863206857046205,8.744481016379789,14.96,2.1739130434782608,0.9875,33.126513947378996,0.7536568653955926,47.75101653467026,1.3493734957659238,0.0,2.3211231979037223,1.25,14.96,16.875,3.4221077508433275,0.625
heavy,97,K=50,steps,9.711930033518001e-07,5.099519308000254,0.19101086274495888,3.350037001813029,0.8510416666666667,1.4919729587046626,proactive,1.0,12.708333333333332,93.33333333333333,4.051008639064333,12.805418276312668,14.96,6.4732142857142865,0.9899038461538462,32.78058665495555,0.7562939657589791,46.45584139148002,1.3355926419252415,3.75,3.499262103110691,11.25,14.96,18.75,4.38002799528425,8.125
heavy,97,variance beta,variance,6.0596444200200494e-06,5.544160164000004,0.10849228104597107,3.50116312044481,0.8541666666666666,1.64705868038314,request_observed,1.0,5.416666666666667,96.45833333333333,3.728443405834201,7.649277100951469,14.96,1.9438444924406046,0.992548076923077,33.12715676202271,0.755671519815499,47.06264740348923,1.3495098853958092,0.0,2.3845284696963542,0.0,14.96,16.25,3.422033898305085,0.0
heavy,97,variance beta,variance,6.0596444200200494e-06,5.544160164000004,0.10849228104597107,3.50116312044481,0.8541666666666666,1.64705868038314,proactive,1.0,12.083333333333334,93.75,3.984636038781405,8.847021165378292,14.96,6.222222222222222,0.9837740384615383,32.777708818522854,0.757634722107873,45.88631159875368,1.3355820850007694,3.958333333333333,3.2660584547849285,10.0,14.96,17.5,4.688453474189095,8.75
heavy,97,M=64 samples,samples,6.0596444200200494e-06,5.368829827999889,0.3885016326795962,3.5332957485098735,0.778125,1.7216733459878926,request_observed,1.0,5.416666666666667,96.45833333333333,3.7354525568605483,7.651548636607637,14.96,1.9438444924406046,0.992548076923077,32.71996599692031,0.7593450822819525,45.11563545108783,1.3331423775091928,0.0,2.377695926954846,0.0,14.96,16.25,3.422033898305085,0.0
heavy,97,M=64 samples,samples,6.0596444200200494e-06,5.368829827999889,0.3885016326795962,3.5332957485098735,0.778125,1.7216733459878926,proactive,1.0,12.916666666666668,93.33333333333333,4.032392199882486,10.010626087631994,14.96,6.696428571428571,0.9837740384615383,32.37170407624227,0.7612351292198622,43.96481357278432,1.319268917651295,4.166666666666666,3.4992635124961367,11.875,14.96,18.125,4.688452186906202,8.75
heavy,97,M=256 samples,samples,6.0596444200200494e-06,5.180128339000021,3.3196456130717467,3.5332957485098735,0.778125,1.7216733459878926,request_observed,1.0,6.25,95.83333333333334,3.790982221661616,8.744481016379789,14.96,2.1739130434782608,0.9837740384615383,32.75856866096026,0.7586836563882614,45.23058398337539,1.3347062017277789,0.0,2.38560852341703,1.25,14.96,16.875,3.4221944298653493,0.625
heavy,97,M=256 samples,samples,6.0596444200200494e-06,5.180128339000021,3.3196456130717467,3.5332957485098735,0.778125,1.7216733459878926,proactive,1.0,11.666666666666666,93.95833333333333,3.9743375063140944,8.853649344074134,14.96,5.986696230598669,0.9850961538461538,32.376460535241826,0.7609413011813716,43.97250625782537,1.3194581582563136,3.958333333333333,3.2660585823463575,10.0,14.96,17.5,4.470327940489734,7.5
heavy,97,160 epochs (GAN budget),training,6.0596444200200494e-06,0.5087226000000555,0.091775016993351,3.8960571130056025,0.9239583333333333,1.7880344143027034,request_observed,1.0,5.416666666666667,96.45833333333333,3.6979269100627947,7.63542469278955,14.96,1.9438444924406046,1.0,34.82817986916593,0.7352513644458925,54.30255736577425,1.417152394348259,0.0,1.9306153846153846,0.0,14.96,16.25,3.4027412896297826,0.0
heavy,97,160 epochs (GAN budget),training,6.0596444200200494e-06,0.5087226000000555,0.091775016993351,3.8960571130056025,0.9239583333333333,1.7880344143027034,proactive,1.0,9.166666666666666,95.0,3.8468095082407783,8.8,14.96,4.385964912280701,0.9962740384615385,34.53371096786395,0.7369898381285488,52.9659600636816,1.4053280123213172,3.958333333333333,3.0605521927861483,6.875000000000001,14.96,16.875,3.7664291213441636,3.75
heavy,113,"default (cosine, K=20)",default,6.0596444200200494e-06,5.046022417999666,0.09364448496734695,4.366268666757072,0.703125,2.291658602789759,request_observed,1.0,7.916666666666666,95.83333333333334,3.6818041479580255,8.73382250871612,14.96,3.91304347826087,0.9228365384615383,34.98272323653395,0.7375394478037582,43.68798676269812,1.3203805276460445,0.0,2.473872694446972,3.75,14.96,17.5,3.422033898305085,2.5
heavy,113,"default (cosine, K=20)",default,6.0596444200200494e-06,5.046022417999666,0.09364448496734695,4.366268666757072,0.703125,2.291658602789759,proactive,1.0,13.125,94.16666666666667,3.8876620099299233,8.800136886989886,14.96,7.7433628318584065,0.9278846153846153,34.57685085740044,0.7398691250878782,42.23654073578149,1.305546196632391,5.833333333333333,3.248685813614845,10.0,14.96,18.125,5.105744802286288,11.25
heavy,113,schedule linear 1e-4..0.35,schedule,0.018009239807724953,4.990980033000142,0.08997816862723447,4.138032630515069,0.7260416666666667,2.1703024263105157,request_observed,1.0,6.875000000000001,96.45833333333333,3.621049478099823,8.036745902975191,14.96,3.455723542116631,0.9278846153846153,35.069536912117066,0.7392416113115587,41.95016039743893,1.3230504332725432,0.0,2.434615384615385,2.5,14.96,17.5,3.422033898305085,0.625
heavy,113,schedule linear 1e-4..0.35,schedule,0.018009239807724953,4.990980033000142,0.08997816862723447,4.138032630515069,0.7260416666666667,2.1703024263105157,proactive,1.0,13.125,94.375,3.8722499470729312,8.8,14.96,7.9470198675496695,0.9316105769230768,34.67966545388216,0.741795507130174,40.48899895479247,1.308776959937894,5.416666666666667,3.1200975681696463,9.375,14.96,18.75,5.105744564260155,11.25
heavy,113,schedule linear 1e-4..0.02 (legacy),schedule,0.8167771100997925,5.48493295399976,0.0976358457514864,5.06367814496363,0.78125,2.7463022482856605,request_observed,1.0,5.625,97.08333333333333,3.583867157000671,7.568471959667358,14.96,2.7896995708154506,0.9962740384615385,38.267385713023565,0.7287148717365275,54.04141562235779,1.4404142761764984,0.0,1.9306153846153846,0.0,14.96,16.875,3.422033898305085,0.0
heavy,113,schedule linear 1e-4..0.02 (legacy),schedule,0.8167771100997925,5.48493295399976,0.0976358457514864,5.06367814496363,0.78125,2.7463022482856605,proactive,1.0,10.416666666666668,95.83333333333334,3.77188076836148,8.8,14.96,6.521739130434782,0.9962740384615385,38.046535067953315,0.730168651112655,53.19495601130682,1.432358085327605,4.583333333333333,2.1034446300477305,0.625,14.96,18.125,4.947185173631155,12.5
heavy,113,K=5,steps,9.404561569681391e-05,4.645513803000085,0.04511198039241576,4.0712767978816755,0.709375,2.045495052321928,request_observed,1.0,5.625,97.08333333333333,3.57471363941083,7.2652768180543,14.96,2.7896995708154506,0.9366586538461539,35.451250754874465,0.7369444553470117,44.305211113316304,1.3371290412086574,0.0,2.4268251220834367,0.0,14.96,16.25,3.4221115547260084,0.625
heavy,113,K=5,steps,9.404561569681391e-05,4.645513803000085,0.04511198039241576,4.0712767978816755,0.709375,2.045495052321928,proactive,1.0,10.0,95.20833333333333,3.789948935935363,8.8,14.96,5.470459518599562,0.9366586538461539,35.08514718056394,0.7388640707894616,42.87118153882318,1.3236644564232476,5.833333333333333,3.172354836044103,8.125,14.96,17.5,3.9114239610077948,4.375
heavy,113,K=10,steps,2.4091723389574327e-05,4.56324481799993,0.05900152810485737,4.217753986192383,0.6520833333333333,2.272814296709824,request_observed,1.0,9.166666666666666,95.20833333333333,3.751113875736912,8.8,14.96,4.595185995623632,0.9177884615384615,34.85383027844177,0.7403966251415743,41.37117148786041,1.3155442642956863,0.0,2.5068661365414333,4.375,14.96,18.125,3.9809562666830036,5.0
heavy,113,K=10,steps,2.4091723389574327e-05,4.56324481799993,0.05900152810485737,4.217753986192383,0.6520833333333333,2.272814296709824,proactive,1.0,17.708333333333336,91.875,4.115833980795671,11.234013404740763,14.96,10.430839002267573,0.9127403846153846,34.48959850716423,0.742347247008365,40.08500686662131,1.3023140844349577,6.25,5.720000000000001,15.0,14.96,20.625,8.8,17.5
heavy,113,K=50,steps,9.711930033518001e-07,4.620573267000054,0.18280502745077612,4.125400572005521,0.7416666666666667,2.0584580343400916,request_observed,1.0,5.416666666666667,97.08333333333333,3.560779639967791,7.249720209576193,14.96,2.575107296137339,0.9329326923076924,35.29374858283897,0.7368967907769847,43.80140243463334,1.3317874482215348,0.0,2.434615384615385,0.0,14.96,16.25,3.422033898305085,0.0
heavy,113,K=50,steps,9.711930033518001e-07,4.620573267000054,0.18280502745077612,4.125400572005521,0.7416666666666667,2.0584580343400916,proactive,1.0,12.291666666666666,94.58333333333333,3.847322734623042,8.8,14.96,7.268722466960352,0.9241586538461537,34.85729279699234,0.7393694388488866,42.22267882011319,1.3157915350876461,5.625,2.9724209491374878,8.125,14.96,18.125,4.791797871804545,10.625
heavy,113,variance beta,variance,6.0596444200200494e-06,5.348847693999687,0.1277724823529413,4.312761756536834,0.790625,2.106561530500982,request_observed,1.0,5.416666666666667,97.08333333333333,3.561292040755119,7.257580200169873,14.96,2.575107296137339,0.9329326923076924,35.42956016860797,0.733521037648507,45.653467097329845,1.336958864764728,0.0,2.4232971179372598,0.0,14.96,16.25,3.422033898305085,0.0
heavy,113,variance beta,variance,6.0596444200200494e-06,5.348847693999687,0.1277724823529413,4.312761756536834,0.790625,2.106561530500982,proactive,1.0,12.083333333333334,94.79166666666666,3.8151103369808745,8.8,14.96,7.252747252747254,0.9329326923076924,35.0724868042108,0.7354277097586749,44.361333091046774,1.323957267425866,5.208333333333334,3.1694257783369286,8.125,14.96,17.5,4.716698483528403,10.625
heavy,113,M=64 samples,samples,6.0596444200200494e-06,5.2453679169998395,0.3523253346405778,4.366268666757072,0.703125,2.291658602789759,request_observed,1.0,5.416666666666667,97.08333333333333,3.5601342026619807,7.249145312518217,14.96,2.575107296137339,0.9292067307692307,35.13159631220753,0.7360808643963042,44.5458273359105,1.3259624483593526,0.0,2.431486283957605,0.0,14.96,16.25,3.422033898305085,0.0
heavy,113,M=64 samples,samples,6.0596444200200494e-06,5.2453679169998395,0.3523253346405778,4.366268666757072,0.703125,2.291658602789759,proactive,1.0,11.25,95.0,3.8109115443247394,8.8,14.96,6.578947368421052,0.9254807692307692,34.70427414647762,0.7380840878321563,43.00109632849657,1.3103598323493266,5.833333333333333,2.8699971987150623,6.875000000000001,14.96,17.5,4.778535054427905,9.375
heavy,113,M=256 samples,samples,6.0596444200200494e-06,5.1528418859998055,3.6011720823528606,4.366268666757072,0.703125,2.291658602789759,request_observed,1.0,5.416666666666667,97.08333333333333,3.5627888203751916,7.250346754028655,14.96,2.575107296137339,0.9329326923076924,35.14506837812289,0.7361548609409021,44.514907947786924,1.326452228407831,0.0,2.4284656027230613,0.0,14.96,16.25,3.422033898305085,0.0
heavy,113,M=256 samples,samples,6.0596444200200494e-06,5.1528418859998055,3.6011720823528606,4.366268666757072,0.703125,2.291658602789759,proactive,1.0,12.708333333333332,94.375,3.873104664821675,8.80183865686719,14.96,7.505518763796909,0.9278846153846153,34.73577880366224,0.7383030954723659,43.01287939407357,1.3115111790568141,5.625,3.1439616983574297,9.375,14.96,18.125,4.983243708401775,10.625
heavy,113,160 epochs (GAN budget),training,6.0596444200200494e-06,0.5059541700002228,0.09157805228752812,4.412471098211497,0.8604166666666667,2.121186320691179,request_observed,1.0,5.625,97.08333333333333,3.5765589580329538,7.546970889806952,14.96,2.7896995708154506,0.9813701923076923,36.61488099978042,0.7268858918480126,50.06279722310816,1.3800531533180151,0.0,2.3171009006281844,0.0,14.96,16.875,3.422033898305085,0.0
heavy,113,160 epochs (GAN budget),training,6.0596444200200494e-06,0.5059541700002228,0.09157805228752812,4.412471098211497,0.8604166666666667,2.121186320691179,proactive,1.0,10.208333333333334,95.83333333333334,3.746208581682649,8.349144834436517,14.96,6.304347826086956,0.9850961538461538,36.282597636435845,0.7291010504105824,48.733863155642126,1.3677572675288359,4.166666666666666,2.5518379585555806,5.0,14.96,17.5,4.4283688849843985,8.125
heavy,131,"default (cosine, K=20)",default,6.0596444200200494e-06,4.969098191999819,0.08711185882335853,3.118285516370427,0.8177083333333334,1.5125904902087592,request_observed,1.0,3.125,97.91666666666666,3.407045796204724,4.174350971899221,14.96,1.0638297872340425,0.992548076923077,32.49245977168481,0.7562366665624054,43.60772995874505,1.3564562563531257,0.0,2.434615384615385,0.0,14.96,9.375,3.422033898305085,0.0
heavy,131,"default (cosine, K=20)",default,6.0596444200200494e-06,4.969098191999819,0.08711185882335853,3.118285516370427,0.8177083333333334,1.5125904902087592,proactive,1.0,8.333333333333332,96.25,3.609385981089423,5.720000000000001,14.96,4.761904761904762,0.9813701923076923,32.130819682279345,0.7583365061850607,42.21778371370706,1.3416361362918425,4.791666666666667,3.0448658333797307,7.5,14.96,10.625,4.086918666891546,6.875000000000001
heavy,131,schedule linear 1e-4..0.35,schedule,0.018009239807724953,5.141671732999839,0.09019348104582343,3.1140311310534483,0.8239583333333333,1.5001085721452763,request_observed,1.0,5.0,96.66666666666667,3.5231049122446247,5.270990896331757,14.96,1.7241379310344827,0.982451923076923,32.575832837439,0.7559907315546649,44.09330627926116,1.360063327337276,0.0,2.438017759105485,3.125,14.96,10.625,3.4229243652804926,1.25
heavy,131,schedule linear 1e-4..0.35,schedule,0.018009239807724953,5.141671732999839,0.09019348104582343,3.1140311310534483,0.8239583333333333,1.5001085721452763,proactive,1.0,12.708333333333332,93.75,3.8508956055337515,8.8,14.96,6.888888888888889,0.9723557692307694,32.2462415212294,0.7580866315407047,42.87898345941836,1.346609080576681,5.0,4.040639498374456,12.5,14.96,13.125,4.9017684777989,12.5
heavy,131,schedule linear 1e-4..0.02 (legacy),schedule,0.8167771100997925,5.355829947000075,0.09772856993472517,4.0017796552732365,0.9697916666666667,2.2867613600777887,request_observed,1.0,3.125,97.91666666666666,3.35877248853158,4.172262296125073,14.96,1.0638297872340425,1.0,37.96352570308789,0.7199882544375275,67.84590776191432,1.579871657374726,0.0,1.889614297619629,0.0,14.96,9.375,3.422033898305085,0.0
heavy,131,schedule linear 1e-4..0.02 (legacy),schedule,0.8167771100997925,5.355829947000075,0.09772856993472517,4.0017796552732365,0.9697916666666667,2.2867613600777887,proactive,1.0,5.625,97.08333333333333,3.4689255594595694,5.04748971575261,14.96,2.7896995708154506,1.0,37.808062816611105,0.7211884424822985,67.20720737342639,1.5734791570957904,2.5,2.033452723911744,1.25,14.96,10.0,4.089111355555591,5.625
heavy,131,K=5,steps,9.404561569681391e-05,4.922191976999784,0.045177633987181005,3.4379569042203846,0.80625,1.4926902363137533,request_observed,1.0,3.125,97.91666666666666,3.4221963165824003,4.174350971899221,14.96,1.0638297872340425,0.9962740384615385,32.73878601970212,0.7527248662655286,44.78013956858157,1.3662193915360095,0.0,2.4125928377089383,0.0,14.96,9.375,3.422033898305085,0.0
heavy,131,K=5,steps,9.404561569681391e-05,4.922191976999784,0.045177633987181005,3.4379569042203846,0.80625,1.4926902363137533,proactive,1.0,8.958333333333334,96.25,3.6357798159355013,5.720000000000001,14.96,5.411255411255411,0.9962740384615385,32.3963432183885,0.7546867790199236,43.33820766407654,1.3521223207440949,4.583333333333333,2.7914347221071414,6.875000000000001,14.96,10.625,4.343007480312152,9.375
heavy,131,K=10,steps,2.4091723389574327e-05,5.056070041000112,0.0651716836603323,3.2299258810115843,0.80625,1.5352597079741204,request_observed,1.0,7.083333333333333,95.41666666666667,3.6378370282736574,5.756376499958029,14.96,2.6200873362445414,0.9686298076923077,32.64623790630533,0.7526508344764558,44.351052352334385,1.3626163896166064,0.0,2.651343139570088,6.25,14.96,11.875,3.804766212886083,3.125
heavy,131,K=10,steps,2.4091723389574327e-05,5.056070041000112,0.0651716836603323,3.2299258810115843,0.80625,1.5352597079741204,proactive,1.0,15.625,92.5,3.9643420284256696,8.8,14.96,8.783783783783784,0.958533653846154,32.30378785899694,0.7546788343603789,43.0455713972372,1.3485757497216582,5.0,5.720000000000001,17.5,14.96,15.0,5.581420184002189,14.374999999999998
heavy,131,K=50,steps,9.711930033518001e-07,4.8695627830002195,0.18114007058827505,3.7063927961317367,0.8739583333333333,2.10818026113397,request_observed,1.0,3.125,97.91666666666666,3.4039320868224148,4.155575324117673,14.96,1.0638297872340425,0.992548076923077,33.8982276834922,0.7377127462526195,64.12122529129252,1.415967061749147,0.0,2.4191454273943753,0.0,14.96,9.375,3.422033898305085,0.0
heavy,131,K=50,steps,9.711930033518001e-07,4.8695627830002195,0.18114007058827505,3.7063927961317367,0.8739583333333333,2.10818026113397,proactive,1.0,9.166666666666666,95.41666666666667,3.6747355398280357,6.389369348058719,14.96,4.8034934497816595,0.9875,33.56207002806306,0.7399659844250761,63.120556689206865,1.4021287306410908,3.5416666666666665,2.8383106553050905,5.625,14.96,11.25,4.829116047957146,10.625
heavy,131,variance beta,variance,6.0596444200200494e-06,4.945930550000412,0.09634976470574745,3.1694935850351285,0.88125,1.5244157192007877,request_observed,1.0,3.125,97.91666666666666,3.398676808122564,4.173936564126746,14.96,1.0638297872340425,0.9888221153846153,33.26157708601916,0.748992241714134,47.12821631144434,1.3878253808607777,0.0,2.425573686210289,0.0,14.96,9.375,3.422033898305085,0.0
heavy,131,variance beta,variance,6.0596444200200494e-06,4.945930550000412,0.09634976470574745,3.1694935850351285,0.88125,1.5244157192007877,proactive,1.0,7.083333333333333,96.66666666666667,3.5715800380583476,5.4051818191816405,14.96,3.8793103448275863,0.9850961538461538,32.92178180579068,0.7509861794012522,45.78540890044691,1.3739062419036312,3.75,2.637478958412623,5.625,14.96,10.625,3.984739116826375,5.0
heavy,131,M=64 samples,samples,6.0596444200200494e-06,5.05474141600007,0.3767684078435326,3.118285516370427,0.8177083333333334,1.5125904902087592,request_observed,1.0,3.125,97.91666666666666,3.4046492938036437,4.174350971899221,14.96,1.0638297872340425,0.9888221153846153,32.642326033040284,0.7542929499818706,44.259184966402955,1.3626220598268681,0.0,2.4265717676881042,0.0,14.96,9.375,3.422033898305085,0.0
heavy,131,M=64 samples,samples,6.0596444200200494e-06,5.05474141600007,0.3767684078435326,3.118285516370427,0.8177083333333334,1.5125904902087592,proactive,1.0,8.333333333333332,96.25,3.6127846286435354,5.720000000000001,14.96,4.761904761904762,0.9888221153846153,32.27631893490604,0.7565911134143157,42.945556227785985,1.3475629038558514,5.0,3.0448665053890114,7.5,14.96,10.625,4.063365846407809,6.875000000000001
heavy,131,M=256 samples,samples,6.0596444200200494e-06,5.663810989000012,3.806905248365736,3.118285516370427,0.8177083333333334,1.5125904902087592,request_observed,1.0,4.375,97.29166666666667,3.4684599688242352,4.4620774527384945,14.96,1.7130620985010707,0.9912259615384617,32.653396358212575,0.7545027025350194,44.39471436570153,1.3631098255327627,0.0,2.4346154270744784,1.25,14.96,10.0,3.422033898305085,1.875
heavy,131,M=256 samples,samples,6.0596444200200494e-06,5.663810989000012,3.806905248365736,3.118285516370427,0.8177083333333334,1.5125904902087592,proactive,1.0,9.583333333333334,95.625,3.6718189930653704,5.740002349455465,14.96,5.446623093681917,0.9837740384615383,32.291083833690884,0.7567201287623376,43.05059442292665,1.3481912721419427,4.791666666666667,3.1476152240165063,8.125,14.96,11.25,4.418941718992815,9.375
heavy,131,160 epochs (GAN budget),training,6.0596444200200494e-06,0.4968273669996961,0.09163842614368917,3.9153628060057737,0.9072916666666667,1.9666921641362718,request_observed,1.0,3.125,97.91666666666666,3.3796427793274177,4.161708309601584,14.96,1.0638297872340425,1.0,35.19615194798719,0.7273951643516019,54.605397890602,1.465825268266708,0.0,2.2478732666231207,0.0,14.96,9.375,3.422033898305085,0.0
heavy,131,160 epochs (GAN budget),training,6.0596444200200494e-06,0.4968273669996961,0.09163842614368917,3.9153628060057737,0.9072916666666667,1.9666921641362718,proactive,1.0,6.25,97.08333333333333,3.5138591644953485,4.892552137872244,14.96,3.4334763948497855,0.9962740384615385,34.9541973676707,0.7277599638003406,53.50430229564609,1.455882372610187,3.5416666666666665,2.3675188924659625,2.5,14.96,10.0,4.215000638289359,6.25
