capacity,budget,method,mean,std,count
0.82,30,Diffusion-JCSO,88.99436115759087,5.379543502384413,30
0.82,30,Diffusion-RB,80.87633040742206,1.3041049066881474,30
0.82,30,GAN-JCSO,89.60177959098478,5.403874723536145,29
0.82,30,GAN-RB,82.90666861552997,3.4576118205760107,26
0.82,30,QuantileMLP-JCSO,88.214285718072,3.440634395036662,30
0.82,30,QuantileMLP-RB,82.38990616113209,2.9358506143392202,30
0.82,40,Diffusion-JCSO,77.4911822790158,2.9970556111972186,30
0.82,40,Diffusion-RB,73.55555124155232,1.4411162898064567,30
0.82,40,GAN-JCSO,78.72684131871064,5.029871989067409,30
0.82,40,GAN-RB,74.44531576074323,3.437327322696986,27
0.82,40,QuantileMLP-JCSO,76.56853893799826,1.6113547096944278,30
0.82,40,QuantileMLP-RB,75.74493116515353,2.673335842293413,30
0.82,50,Diffusion-JCSO,68.68681968121004,1.2729696131114443,30
0.82,50,Diffusion-RB,66.82915084078333,4.248182178863911,30
0.82,50,GAN-JCSO,70.01658618540135,3.8483626201795196,30
0.82,50,GAN-RB,67.65116469442619,4.2079938659612734,29
0.82,50,QuantileMLP-JCSO,69.22078042960803,1.3885334655996322,30
0.82,50,QuantileMLP-RB,68.28518559652011,2.4125263804745174,30
1.0,30,Diffusion-JCSO,93.00875052253686,6.562214163396596,30
1.0,30,Diffusion-RB,85.15416305577959,4.7686022823896215,30
1.0,30,GAN-JCSO,94.3553686194345,6.804491895178163,29
1.0,30,GAN-RB,90.57548664693249,6.409868475973824,25
1.0,30,QuantileMLP-JCSO,93.02182467075727,5.078502779163328,30
1.0,30,QuantileMLP-RB,89.66186570772985,5.223393012360847,30
1.0,40,Diffusion-JCSO,86.36254175040511,7.695338946977584,30
1.0,40,Diffusion-RB,73.57078236539049,1.7933037166173869,30
1.0,40,GAN-JCSO,87.05074727126056,7.273863388648385,30
1.0,40,GAN-RB,77.54314877630276,6.8167901876704535,27
1.0,40,QuantileMLP-JCSO,84.69479514083676,5.40941785255563,30
1.0,40,QuantileMLP-RB,76.52133638507233,3.912819082469767,30
1.0,50,Diffusion-JCSO,72.86806137184492,5.940883060289004,30
1.0,50,Diffusion-RB,63.79334916559453,4.151355198859408,30
1.0,50,GAN-JCSO,73.15584954308613,6.963284155501542,30
1.0,50,GAN-RB,67.80115647171363,5.21097210347218,29
1.0,50,QuantileMLP-JCSO,70.56638214094671,3.202180809864534,30
1.0,50,QuantileMLP-RB,67.62904846875617,4.275778905016293,30
