contrast,capacity,budget,n_pairs,analysed,mean_diff,sd_diff,p,segments_same_sign,n_segments,segment_3,segment_11,segment_27,p_holm
H1,0.82,30,26,False,-2.119708189221704,3.768783174020086,,3,3,-4.087541433314197,-0.9488468668014562,-1.2622959074174227,
H1,0.82,40,27,True,-0.8560295425416194,3.9347762597533413,0.2686082314422203,3,3,-0.3649420872354783,-0.2498267506615875,-2.1662564196110683,0.5372164628844406
H1,0.82,50,29,True,-0.867208813036408,7.180104989795379,0.5207245721211731,1,3,1.5667790055567246,1.6981304091171432,-6.422016636088278,0.5372164628844406
H1,1.0,30,25,False,-5.601952107150285,8.852805624817723,,3,3,-6.805719857423662,-4.791806363121488,-5.1465433884548775,
H1,1.0,40,27,True,-3.9987526552428143,6.994429257520763,0.006319090570855769,3,3,-7.714818053393914,-0.5076076799240653,-4.182110301471264,0.01895727171256731
H1,1.0,50,29,True,-4.157685081898463,7.224480827633999,0.004388963325593695,3,3,-3.7078752145659157,-1.891827092387959,-7.175093811724078,0.01755585330237478
H2,0.82,30,30,True,-1.5135757537100423,2.656728506733867,0.004062528844725892,3,3,-3.4118173558577554,-0.37827286856224307,-0.7506370367101283,0.008125057689451784
H2,0.82,40,30,True,-2.1893799236012277,2.3503859999322674,1.9102313386925542e-05,3,3,-3.1663924836676047,-0.5935365241821373,-2.808210762953941,0.00011461388032155325
H2,0.82,50,30,True,-1.4560347557367992,5.020478570529917,0.1230178163971687,2,3,-1.2934554193000352,1.6816803867072494,-4.756329234617612,0.1230178163971687
H2,1.0,30,30,True,-4.507702651950253,6.774629049955476,0.001040611457802559,3,3,-4.18329779313415,-0.48436765367318346,-8.855442509043424,0.0031218343734076767
H2,1.0,40,30,True,-2.950554019681838,3.291684971138997,3.261202180346498e-05,3,3,-5.069792747470219,-0.6177209377147335,-3.1641483738605616,0.00016306010901732487
H2,1.0,50,30,True,-3.835699303161641,5.36148725947621,0.0004989379453727026,3,3,-5.6340424364842505,-0.48371359020445653,-5.3893418827962165,0.0019957517814908105
H3,0.82,30,30,True,-8.118030750168819,6.012078855299994,3.780952748989497e-08,3,3,-1.514232802472452,-8.292489739466186,-14.547369708567818,1.8904763744947485e-07
H3,0.82,40,30,True,-3.9356310374634855,3.282214446515974,3.3997438384590466e-07,3,3,-1.3258967654517548,-2.894271219268765,-7.586725127669936,1.0199231515377139e-06
H3,0.82,50,30,True,-1.8576688404267194,4.0340913599850055,0.017406367376798983,3,3,-0.40716964945069095,-1.6671845734703539,-3.4986522983591137,0.017406367376798983
H3,1.0,30,30,True,-7.854587466757265,7.840557808481028,6.558538652663253e-06,2,3,0.5516239080824477,-11.355977805956673,-12.759408502397568,1.3117077305326506e-05
H3,1.0,40,30,True,-12.79175938501462,8.437452921933545,3.736506945432165e-09,3,3,-2.8874019775784445,-14.916886610306989,-20.570989567158428,2.241904167259299e-08
H3,1.0,50,30,True,-9.07471220625038,7.264492560291655,1.6284547246248803e-07,3,3,-3.418129102844844,-6.611790583708867,-17.194216932197428,6.513818898499521e-07
E1,0.82,30,30,True,-5.824379556939916,4.839007992270621,3.1788174744061534e-07,3,3,-0.5530418987946646,-6.130225443384499,-10.78987132864059,1.5894087372030768e-06
E1,0.82,40,30,True,-0.82360777284471,2.316555419231274,0.061237037800174574,2,3,0.6545594848703971,-2.7602781037646222,-0.3651046996399046,0.11373935710906015
E1,0.82,50,30,True,-0.9355948330878978,2.583752318439483,0.056869678554530075,1,3,0.23288181802065253,-4.047416448567543,1.007750131283197,0.11373935710906015
E1,1.0,30,30,True,-3.3599589630274305,6.346836555211325,0.0070533834232914885,2,3,2.473544901822913,-8.993447994252609,-3.559973796652595,0.021160150269874466
E1,1.0,40,30,True,-8.173458755764447,6.610358382449439,1.9617239963967678e-07,3,3,-0.7138119146569466,-9.775277689920843,-14.031286662715544,1.1770343978380606e-06
E1,1.0,50,30,True,-2.9373336721905523,3.174028270602475,2.0952019194198333e-05,2,3,0.22131966021295427,-4.783285505998995,-4.250035170785615,8.380807677679333e-05
E3,0.82,30,26,False,-0.3899248927702098,3.8972153519769446,,3,3,-0.3950290274858001,-0.5705739982392132,-0.12529228318016042,
E3,0.82,40,27,True,1.3074049975053672,4.227980217610743,0.12017871025241662,3,3,2.9569005602596627,0.34370977352054977,0.6563415193878068,0.4807148410096665
E3,0.82,50,29,True,0.5900776697334592,4.462584713660901,0.48231392617852215,2,3,2.8602344248567597,0.016450022409893704,-1.2949546722662464,1.0
E3,1.0,30,25,False,-1.5488719017030115,7.817563362722785,,2,3,-1.8992358594622643,-4.307438709448304,3.574285381178022,
E3,1.0,40,27,True,-1.0632112398983724,6.0952605091844125,0.37305976285723563,2,3,-2.4045090478421765,0.11011325779066823,-1.020906828072894,1.0
E3,1.0,50,29,True,-0.23818658209631677,5.662825469163159,0.8224519944127806,2,3,1.9261672219183346,-1.4081135021835025,-1.343105342015723,1.0
E4,0.82,30,30,True,-0.7800754395188582,3.695502902697653,0.25704578053975785,2,3,2.450626452179968,-1.783991427519443,-3.006861343217099,0.5140915610795157
E4,0.82,40,30,True,-0.9226433410175479,3.3188727059314753,0.13867403452697719,1,3,1.1859362333454526,0.4595434086779946,-4.413409665076091,0.46313156684197326
E4,0.82,50,30,True,0.5339607483979776,1.4418914094183652,0.05179991887441983,3,3,0.6534039518286917,0.6985514883899399,0.24992680497530131,0.25899959437209913
E4,1.0,30,30,True,0.013074148220418635,4.351984910287212,0.9869844279073102,1,3,2.261376799393685,-1.878162158030881,-0.3439921967015479,0.9869844279073102
E4,1.0,40,30,True,-1.6677466095683375,5.634227071737621,0.11578289171049332,2,3,2.89620268454872,-4.523887982671413,-3.3755545305823205,0.46313156684197326
E4,1.0,50,30,True,-2.301679230898186,5.205237481820223,0.02191842809145639,2,3,1.994593673426452,-1.3447914875054152,-7.554839878615594,0.13151056854873835
H4,0.82,30,26,False,-0.44176035020643556,5.644794496112801,,2,3,4.3807939035008685,-1.6412711789661372,-4.928600349601966,
H4,0.82,40,27,True,0.9524005353192616,7.229760741798247,0.49971212053007813,2,3,6.551193954821907,1.038767875913115,-5.454201237363531,0.9994242410601563
H4,0.82,50,29,True,0.486282834302516,8.130215482717615,0.7497722160394544,2,3,4.70391862328305,1.688010235118626,-5.535231821027088,0.9994242410601563
H4,1.0,30,25,False,-2.928103655813534,8.285060687533065,,2,3,1.0800301959446048,-3.195301491249282,-8.494974707724495,
H4,1.0,40,27,True,-2.8058632283944567,8.765295803579548,0.10825319820941119,2,3,3.562855240469596,-1.9687503189779747,-11.017062642637118,0.334653540629766
H4,1.0,50,29,True,-3.456032624321931,10.375743075482118,0.0836633851574415,2,3,4.92103559219245,-2.4420246569284743,-13.890561717552862,0.334653540629766
