capacity,budget,method,reached
0.82,30,Diffusion-JCSO,30
0.82,30,Diffusion-RB,30
0.82,30,GAN-JCSO,29
0.82,30,GAN-RB,26
0.82,30,QuantileMLP-JCSO,30
0.82,30,QuantileMLP-RB,30
0.82,40,Diffusion-JCSO,30
0.82,40,Diffusion-RB,30
0.82,40,GAN-JCSO,30
0.82,40,GAN-RB,27
0.82,40,QuantileMLP-JCSO,30
0.82,40,QuantileMLP-RB,30
0.82,50,Diffusion-JCSO,30
0.82,50,Diffusion-RB,30
0.82,50,GAN-JCSO,30
0.82,50,GAN-RB,29
0.82,50,QuantileMLP-JCSO,30
0.82,50,QuantileMLP-RB,30
1.0,30,Diffusion-JCSO,30
1.0,30,Diffusion-RB,30
1.0,30,GAN-JCSO,29
1.0,30,GAN-RB,25
1.0,30,QuantileMLP-JCSO,30
1.0,30,QuantileMLP-RB,30
1.0,40,Diffusion-JCSO,30
1.0,40,Diffusion-RB,30
1.0,40,GAN-JCSO,30
1.0,40,GAN-RB,27
1.0,40,QuantileMLP-JCSO,30
1.0,40,QuantileMLP-RB,30
1.0,50,Diffusion-JCSO,30
1.0,50,Diffusion-RB,30
1.0,50,GAN-JCSO,30
1.0,50,GAN-RB,29
1.0,50,QuantileMLP-JCSO,30
1.0,50,QuantileMLP-RB,30
