segment,capacity,budget,method,miss_rate
3,0.82,30,Diffusion-JCSO,83.31257437718675
3,0.82,30,Diffusion-RB,81.7983415747143
3,0.82,30,GAN-JCSO,90.7253972470297
3,0.82,30,GAN-RB,85.76461899171937
3,0.82,30,QuantileMLP-JCSO,85.76320082936672
3,0.82,30,QuantileMLP-RB,85.21015893057206
3,0.82,40,Diffusion-JCSO,76.01872516705401
3,0.82,40,Diffusion-RB,74.69282840160227
3,0.82,40,GAN-JCSO,81.99319523791101
3,0.82,40,GAN-RB,75.05041577543801
3,0.82,40,QuantileMLP-JCSO,77.20466140039947
3,0.82,40,QuantileMLP-RB,77.85922088526988
3,0.82,50,Diffusion-JCSO,69.35323001911894
3,0.82,50,Diffusion-RB,68.94606036966825
3,0.82,50,GAN-JCSO,72.49036963684526
3,0.82,50,GAN-RB,67.37928136411152
3,0.82,50,QuantileMLP-JCSO,70.00663397094763
3,0.82,50,QuantileMLP-RB,70.23951578896829
3,1.0,30,Diffusion-JCSO,85.10208625715191
3,1.0,30,Diffusion-RB,85.65371016523436
3,1.0,30,GAN-JCSO,91.75331983486511
3,1.0,30,GAN-RB,91.69381359383523
3,1.0,30,QuantileMLP-JCSO,87.3634630565456
3,1.0,30,QuantileMLP-RB,89.8370079583685
3,1.0,40,Diffusion-JCSO,77.69236756569163
3,1.0,40,Diffusion-RB,74.80496558811318
3,1.0,40,GAN-JCSO,87.57098725558428
3,1.0,40,GAN-RB,82.33944791127854
3,1.0,40,QuantileMLP-JCSO,80.58857025024034
3,1.0,40,QuantileMLP-RB,79.8747583355834
3,1.0,50,Diffusion-JCSO,68.75405931598296
3,1.0,50,Diffusion-RB,65.33593021313811
3,1.0,50,GAN-JCSO,77.38297012274131
3,1.0,50,GAN-RB,69.04380542770403
3,1.0,50,QuantileMLP-JCSO,70.74865298940941
3,1.0,50,QuantileMLP-RB,70.96997264962235
11,0.82,30,Diffusion-JCSO,88.55501459130531
11,0.82,30,Diffusion-RB,80.26252485183913
11,0.82,30,GAN-JCSO,87.86259027914063
11,0.82,30,GAN-RB,81.21137171864059
11,0.82,30,QuantileMLP-JCSO,86.77102316378588
11,0.82,30,QuantileMLP-RB,80.64079772040137
11,0.82,40,Diffusion-JCSO,75.5633421773416
11,0.82,40,Diffusion-RB,72.66907095807284
11,0.82,40,GAN-JCSO,76.8519368039163
11,0.82,40,GAN-RB,72.91889770873442
11,0.82,40,QuantileMLP-JCSO,76.0228855860196
11,0.82,40,QuantileMLP-RB,73.26260748225498
11,0.82,50,Diffusion-JCSO,69.1661090406536
11,0.82,50,Diffusion-RB,67.49892446718323
11,0.82,50,GAN-JCSO,69.15598886665506
11,0.82,50,GAN-RB,65.80079405806609
11,0.82,50,QuantileMLP-JCSO,69.86466052904353
11,0.82,50,QuantileMLP-RB,65.81724408047599
11,1.0,30,Diffusion-JCSO,95.48929385423085
11,1.0,30,Diffusion-RB,84.13331604827418
11,1.0,30,GAN-JCSO,97.08579872610306
11,1.0,30,GAN-RB,88.92512241139568
11,1.0,30,QuantileMLP-JCSO,93.61113169619998
11,1.0,30,QuantileMLP-RB,84.61768370194736
11,1.0,40,Diffusion-JCSO,87.36285007204603
11,1.0,40,Diffusion-RB,72.44596346173905
11,1.0,40,GAN-JCSO,85.90170743299214
11,1.0,40,GAN-RB,72.9535711416631
11,1.0,40,QuantileMLP-JCSO,82.83896208937463
11,1.0,40,QuantileMLP-RB,73.06368439945378
11,1.0,50,Diffusion-JCSO,69.30333765219528
11,1.0,50,Diffusion-RB,62.69154706848642
11,1.0,50,GAN-JCSO,68.75314008765477
11,1.0,50,GAN-RB,64.58337416087438
11,1.0,50,QuantileMLP-JCSO,67.95854616468986
11,1.0,50,QuantileMLP-RB,63.175260658690874
27,0.82,30,Diffusion-JCSO,95.11549450428053
27,0.82,30,Diffusion-RB,80.56812479571272
27,0.82,30,GAN-JCSO,90.28574809742837
27,0.82,30,GAN-RB,81.65401369884273
27,0.82,30,QuantileMLP-JCSO,92.10863316106344
27,0.82,30,QuantileMLP-RB,81.31876183242285
27,0.82,40,Diffusion-JCSO,80.89147949265177
27,0.82,40,Diffusion-RB,73.30475436498185
27,0.82,40,GAN-JCSO,77.33539191430461
27,0.82,40,GAN-RB,75.67260080922259
27,0.82,40,QuantileMLP-JCSO,76.47806982757568
27,0.82,40,QuantileMLP-RB,76.11296512793578
27,0.82,50,Diffusion-JCSO,67.54111998385758
27,0.82,50,Diffusion-RB,64.04246768549848
27,0.82,50,GAN-JCSO,68.4034000527037
27,0.82,50,GAN-RB,70.00922465739812
27,0.82,50,QuantileMLP-JCSO,67.79104678883289
27,0.82,50,QuantileMLP-RB,68.79879692011609
27,1.0,30,Diffusion-JCSO,98.43487145622777
27,1.0,30,Diffusion-RB,85.67546295383019
27,1.0,30,GAN-JCSO,94.21272270599096
27,1.0,30,GAN-RB,91.64860328580647
27,1.0,30,QuantileMLP-JCSO,98.09087925952622
27,1.0,30,QuantileMLP-RB,94.53090546287362
27,1.0,40,Diffusion-JCSO,94.03240761347766
27,1.0,40,Diffusion-RB,73.46141804631922
27,1.0,40,GAN-JCSO,87.67954712520525
27,1.0,40,GAN-RB,77.88428429275453
27,1.0,40,QuantileMLP-JCSO,90.65685308289532
27,1.0,40,QuantileMLP-RB,76.6255664201798
27,1.0,50,Diffusion-JCSO,80.54678714735648
27,1.0,50,Diffusion-RB,63.35257021515905
27,1.0,50,GAN-JCSO,73.33143841886233
27,1.0,50,GAN-RB,69.99574908821235
27,1.0,50,QuantileMLP-JCSO,72.99194726874089
27,1.0,50,QuantileMLP-RB,68.74191209795526
