workload,capacity,budget,method,miss_rate,acceptance,p95_latency_ms,p99_latency_ms,utilization,realized_reservation_ratio
extreme,0.82,30,Diffusion-JCSO,34.82240405500925,85.47579349355503,14.793230404845213,24.135032112339204,36.466581800782656,1.1176485700586718
extreme,0.82,30,Diffusion-RB,36.06146977707987,83.95059927052888,14.813655621731662,24.72850847416508,35.752757763605594,1.0945107488613703
extreme,0.82,30,GAN-JCSO,32.85259663318941,86.11533000343812,14.810214818528644,24.459806690790597,37.043778438195844,1.1318725369948508
extreme,0.82,30,GAN-RB,33.34471110651401,84.18348208635692,14.80753104947365,25.564890317420222,37.35738142197592,1.139600374070882
extreme,0.82,30,QuantileMLP-JCSO,29.282145185403788,87.16728405635426,14.80043297632993,24.361181987612483,37.05611742814394,1.132435407436517
extreme,0.82,30,QuantileMLP-RB,28.686167104616544,86.94889915326526,14.810875993522203,24.236090865831773,36.88980801219123,1.1267404333539992
extreme,0.82,40,Diffusion-JCSO,25.156182313016355,87.93314191315663,14.790810792102285,24.083951749951378,38.99549541498789,1.1960233127164126
extreme,0.82,40,Diffusion-RB,27.436350447819212,86.92710384181262,14.795014024731445,24.389274373622552,38.177510716774286,1.1695366821331383
extreme,0.82,40,GAN-JCSO,23.99041799887299,88.10590408273185,14.792819290185927,24.467097900973236,39.58895822654574,1.2105530296093663
extreme,0.82,40,GAN-RB,26.694629804202428,86.64973246152384,14.800687883113643,25.353990245551532,39.94130525643395,1.2193197053885705
extreme,0.82,40,QuantileMLP-JCSO,22.51195676131345,88.38986465479383,14.79922090972735,24.42593178658648,39.57844080564038,1.2104126583275558
extreme,0.82,40,QuantileMLP-RB,23.072942442254764,88.12395120997606,14.800983229680224,24.317535561604394,39.35498896065314,1.202883987349219
extreme,0.82,50,Diffusion-JCSO,21.454026980356932,88.54134714117953,14.78256565785033,24.19312086205098,41.31108289535673,1.2667162957446343
extreme,0.82,50,Diffusion-RB,22.52069959116473,88.26030112442352,14.793830293708936,24.254615619326884,40.4888258622528,1.2411247928849203
extreme,0.82,50,GAN-JCSO,20.009380582745997,88.91495594527566,14.788727152022881,24.45346192550654,42.02981518728476,1.2860731630844604
extreme,0.82,50,GAN-RB,22.73118710027792,87.80770179774198,14.78926667106882,25.29475569038898,42.37399501567223,1.294445672561783
extreme,0.82,50,QuantileMLP-JCSO,19.470018237103314,88.9576531314826,14.789642980031534,24.504107658620363,42.00716459692102,1.2855615733179027
extreme,0.82,50,QuantileMLP-RB,20.06912070121841,88.7752078668758,14.799880059947483,24.503385611193508,41.74169069352813,1.276671733184411
extreme,1.0,30,Diffusion-JCSO,46.975492747254194,77.62276186062638,14.776515624985196,20.00873698970675,31.065868060682867,1.1588843757263707
extreme,1.0,30,Diffusion-RB,37.88228940328209,82.60802121228943,14.369037608244945,20.536706913200778,30.49241083504581,1.136274261886159
extreme,1.0,30,GAN-JCSO,43.019523239923686,80.24124456087269,14.456928252230886,19.876703721110964,31.54264705897068,1.1730344755176978
extreme,1.0,30,GAN-RB,38.45148573057207,81.80564436344459,14.386138738069594,20.54489143299556,31.769663034030152,1.1798129285893595
extreme,1.0,30,QuantileMLP-JCSO,39.121411972147534,82.13767332373436,14.521383403251022,19.65301328966257,31.56145061415841,1.1739423858371616
extreme,1.0,30,QuantileMLP-RB,29.5329923995886,87.18916585228983,14.079585461885662,19.688377481203005,31.44070271103609,1.168892706096106
extreme,1.0,40,Diffusion-JCSO,27.041174592959393,87.29169234738606,13.92993686932691,19.37280054509882,33.17682265642477,1.2385514911593358
extreme,1.0,40,Diffusion-RB,24.88333327968005,88.49113403015676,13.661575715459026,19.62516931032721,32.53932252334647,1.2133892754000344
extreme,1.0,40,GAN-JCSO,25.511563555005893,87.97403803414645,13.95247684883627,19.49909123128979,33.69109762906616,1.253887415058222
extreme,1.0,40,GAN-RB,25.092271994867374,88.25944200231453,13.947463552291486,20.004996646090554,33.99093308190391,1.2631560963943216
extreme,1.0,40,QuantileMLP-JCSO,21.906923309115484,89.59451485746717,13.619918005964987,19.48535145489988,33.69142648124415,1.2541246775293593
extreme,1.0,40,QuantileMLP-RB,18.998777506383178,91.2119334713885,13.51009759972286,19.535269020465268,33.541555908400085,1.2479217086100252
extreme,1.0,50,Diffusion-JCSO,18.643469513526522,90.6858032800144,13.378741053262903,19.276086572102606,35.14899299854551,1.311836681754593
extreme,1.0,50,Diffusion-RB,19.05430221229654,90.80649303137596,13.336061803391313,19.375017975373837,34.51633474800054,1.2879410365011452
extreme,1.0,50,GAN-JCSO,16.497576071995784,91.69969236176179,13.453142178426711,19.45710846438925,35.771771104711014,1.3322374123918503
extreme,1.0,50,GAN-RB,18.729764242224114,90.78756267528513,13.578622190734231,19.803912973443058,36.11398834909393,1.3428770254940772
extreme,1.0,50,QuantileMLP-JCSO,14.988488200303982,92.31951653387142,13.280571332079862,19.46345537249833,35.76607546495599,1.3322429084655323
extreme,1.0,50,QuantileMLP-RB,15.113238907579904,92.36984497469558,13.358332394216612,19.47727000719108,35.575573656842714,1.3244616141282515
heavy,0.82,30,Diffusion-JCSO,24.022737342509302,90.58130505026666,13.046344735944743,17.35379567958835,34.75684436056367,1.175584281710187
heavy,0.82,30,Diffusion-RB,25.47529907583142,88.74987723031039,13.185435246398406,18.277742503728668,34.04040522143255,1.1495474706519848
heavy,0.82,30,GAN-JCSO,23.264271124023345,90.78933921389893,13.182587314976072,17.544217165281736,35.14172609875769,1.185517780944807
heavy,0.82,30,GAN-RB,24.153713599394184,89.5802757982473,13.50539285554162,18.098267886926433,35.413579360000504,1.1923009329904561
heavy,0.82,30,QuantileMLP-JCSO,20.85111483809346,91.39250472261277,13.130378249950633,17.50966316991147,35.135674473914285,1.1857836158381476
heavy,0.82,30,QuantileMLP-RB,20.51345606218647,91.36082861873089,13.242916143748346,17.582303728855944,34.997367608891174,1.1804357533034826
heavy,0.82,40,Diffusion-JCSO,16.522764523041225,92.33707750183041,12.783393623950316,17.30523518816502,37.20467004046458,1.2591252086163647
heavy,0.82,40,Diffusion-RB,19.93795754625315,89.87354827417008,13.109843482148127,18.302064216649466,36.275015447529945,1.2247149491035265
heavy,0.82,40,GAN-JCSO,16.47807409121024,92.27435379817538,12.88803635243461,17.540487671645078,37.60460273054643,1.2693986059498799
heavy,0.82,40,GAN-RB,17.886812632857247,91.53671809622858,13.209615901296612,17.927657367805818,37.931632734159734,1.2778192865946882
heavy,0.82,40,QuantileMLP-JCSO,15.382257466726667,92.43753831252096,12.891011313978137,17.497317784091244,37.579444505376316,1.2690383100261653
heavy,0.82,40,QuantileMLP-RB,15.537173954570486,92.4301971673185,13.07455880416602,17.594931691300722,37.37688575866553,1.2614591700455589
heavy,0.82,50,Diffusion-JCSO,15.068284525647076,92.19060304983864,12.673450766418547,17.550085044727567,39.35419008095965,1.3304992366308062
heavy,0.82,50,Diffusion-RB,16.49463364640252,91.24172576855192,12.887663564847866,17.881224519653365,38.5402601946578,1.3018578074205025
heavy,0.82,50,GAN-JCSO,13.349752625356905,92.99115309393964,12.726881218607424,17.51771387531734,39.981260893918474,1.3503972093441916
heavy,0.82,50,GAN-RB,14.995422625008889,92.4195666750405,12.99007541371219,17.789761525306098,40.27296279740137,1.3585453360332438
heavy,0.82,50,QuantileMLP-JCSO,12.917852041618357,93.0015492669151,12.724172223033698,17.507141783471127,39.943915206772715,1.349650716144617
heavy,0.82,50,QuantileMLP-RB,13.194915606874792,92.93764598954041,12.906292096446691,17.57491083356536,39.6894776396898,1.3402432287694137
heavy,1.0,30,Diffusion-JCSO,39.02599302568389,81.09899296539305,13.243113830639475,16.200015931417575,29.46570637697176,1.2133313627351752
heavy,1.0,30,Diffusion-RB,29.756721294231202,85.71918549975565,11.948926987055081,17.156349390048216,28.940359770684886,1.1900195651569296
heavy,1.0,30,GAN-JCSO,35.26277562413371,83.82549604462135,13.107462471072685,15.270477750806728,29.76992915101737,1.2226644106117015
heavy,1.0,30,GAN-RB,30.937921969237962,85.68692885820568,12.662260872774672,15.766896366666705,29.929781179024136,1.2271883692921375
heavy,1.0,30,QuantileMLP-JCSO,31.748307812081833,85.44619559472861,12.891413074010822,15.325383874913907,29.775505022282722,1.2233563665849903
heavy,1.0,30,QuantileMLP-RB,20.851216852065104,91.26036303697249,11.155047706844897,15.284933585781724,29.69627284059978,1.219549930154836
heavy,1.0,40,Diffusion-JCSO,18.25731661430013,91.36560592669169,10.499853961755626,15.000306243308057,31.516483677888964,1.2985818358272854
heavy,1.0,40,Diffusion-RB,18.315376886706165,90.53785166273897,10.28884288346507,16.031772902736797,30.834841078588617,1.2675533707540938
heavy,1.0,40,GAN-JCSO,16.652528111984303,92.47875446706867,10.741492906332056,14.682933968594034,31.858715660709965,1.3092731815023515
heavy,1.0,40,GAN-RB,16.760366156491244,92.35263086107801,11.035132976432498,15.130394403884372,32.10050362898322,1.31687194291136
heavy,1.0,40,QuantileMLP-JCSO,13.777365794560495,93.6523319101629,10.168253290993217,14.704692113504134,31.84514012253204,1.309211806300988
heavy,1.0,40,QuantileMLP-RB,11.509945983358552,94.90177559178247,9.7183414374533,14.686291725477883,31.74610305034521,1.3044677593196858
heavy,1.0,50,Diffusion-JCSO,12.344408781014224,93.85117277712035,9.267574858612441,14.509251406794647,33.35008941338153,1.372680429729958
heavy,1.0,50,Diffusion-RB,13.322380266446672,92.95371011194005,9.431070296814836,14.933561333525384,32.745629203265224,1.346753644831452
heavy,1.0,50,GAN-JCSO,9.487863690012384,95.44894387299038,9.354989419858676,14.152538376839834,33.882267527727166,1.393232344245329
heavy,1.0,50,GAN-RB,10.925184144372569,94.91245050449642,9.781716702325328,14.650291561564776,34.133548550046335,1.4021676373490288
heavy,1.0,50,QuantileMLP-JCSO,8.777992540687553,95.66760766458191,9.151845247521072,14.14923872511674,33.859543492083056,1.392830500413829
heavy,1.0,50,QuantileMLP-RB,8.7966506308396,95.68959383454646,9.173750127033543,14.274538613759642,33.71139913294251,1.3859838941600817
