workload,capacity,method,g,frac_clip_low,frac_clip_high,frac_lambda_capped,mean_relax_steps,realized_joint_coverage,ms_per_prediction
extreme,0.82,Diffusion-JCSO,,,,,,,1.7503557966503704
extreme,0.82,Diffusion-RB,0.949275257299708,0.0,0.42184151785714286,0.0,4.201547619047619,0.712265625,
extreme,0.82,GAN-JCSO,,,,,,,0.13229639522869305
extreme,0.82,GAN-RB,0.4375652755878155,0.17842881944444441,0.013897569444444436,0.0023945932539682496,6.626231398809524,0.7457552083333334,
extreme,0.82,QuantileMLP-JCSO,,,,,,,0.017487034215695352
extreme,0.82,QuantileMLP-RB,1.9863239559089327,0.0,0.6087400793650793,0.0,2.792105654761905,0.7397656250000001,
extreme,1.0,Diffusion-JCSO,,,,,,,1.7503557966503704
extreme,1.0,Diffusion-RB,0.949275257299708,0.0,0.3139756944444444,0.0,3.066090029761905,0.712265625,
extreme,1.0,GAN-JCSO,,,,,,,0.13229639522869305
extreme,1.0,GAN-RB,0.4375652755878155,0.23888640873015873,0.011163194444444436,0.002553323412698408,4.834002976190476,0.7457552083333334,
extreme,1.0,QuantileMLP-JCSO,,,,,,,0.017487034215695352
extreme,1.0,QuantileMLP-RB,1.9863239559089327,0.0,0.5176624503968253,0.0,2.0779352678571428,0.7397656250000001,
heavy,0.82,Diffusion-JCSO,,,,,,,1.8268799571568428
heavy,0.82,Diffusion-RB,0.8723704262379509,0.0,0.30926091269841266,0.0,3.8761644345238095,0.7337239583333334,
heavy,0.82,GAN-JCSO,,,,,,,0.1342796024183071
heavy,0.82,GAN-RB,0.38279948415568427,0.20132936507936505,0.00631820436507936,0.0004885912698412676,5.570561755952381,0.7420312499999999,
heavy,0.82,QuantileMLP-JCSO,,,,,,,0.017606079346438333
heavy,0.82,QuantileMLP-RB,1.7885770079786747,0.0,0.5036594742063492,0.0,2.6700334821428573,0.7515625,
heavy,1.0,Diffusion-JCSO,,,,,,,1.8268799571568428
heavy,1.0,Diffusion-RB,0.8723704262379509,0.0,0.2145907738095238,0.0,2.560107886904762,0.7337239583333334,
heavy,1.0,GAN-JCSO,,,,,,,0.1342796024183071
heavy,1.0,GAN-RB,0.38279948415568427,0.2633234126984127,0.0034325396825396776,0.0005443948412698385,3.691536458333333,0.7420312499999999,
heavy,1.0,QuantileMLP-JCSO,,,,,,,0.017606079346438333
heavy,1.0,QuantileMLP-RB,1.7885770079786747,0.0,0.40683283730158726,0.0,1.8041145833333332,0.7515625,
