contrast,workload,capacity,budget,n,mean_diff,sd_diff,p,p_holm
QuantileMLP-RB minus QuantileMLP-JCSO,extreme,0.82,30,80,-0.5959780807872488,3.96049942258036,0.18217208916830124,0.9108604458415062
QuantileMLP-RB minus QuantileMLP-JCSO,extreme,0.82,40,80,0.560985680941313,2.5496239088050103,0.05257917265023563,0.3680542085516494
QuantileMLP-RB minus QuantileMLP-JCSO,extreme,0.82,50,80,0.5991024641150953,1.9596045291485453,0.007709573753103091,0.06167659002482473
QuantileMLP-RB minus QuantileMLP-JCSO,extreme,1.0,30,80,-9.588419572558937,9.09129288969301,1.3894331574087007e-14,1.5283764731495708e-13
QuantileMLP-RB minus QuantileMLP-JCSO,extreme,1.0,40,80,-2.9081458027323066,4.725075478650503,4.440064312063203e-07,3.996057880856883e-06
QuantileMLP-RB minus QuantileMLP-JCSO,extreme,1.0,50,80,0.12475070727592294,2.0603605805382403,0.5896472977906975,1.0
QuantileMLP-RB minus QuantileMLP-JCSO,heavy,0.82,30,80,-0.3376587759069907,2.941330776763884,0.3076557840278924,1.0
QuantileMLP-RB minus QuantileMLP-JCSO,heavy,0.82,40,80,0.15491648784381756,1.8354958130763792,0.4525538320686187,1.0
QuantileMLP-RB minus QuantileMLP-JCSO,heavy,0.82,50,80,0.27706356525643666,1.3354982095902264,0.06724224457391226,0.40345346744347355
QuantileMLP-RB minus QuantileMLP-JCSO,heavy,1.0,30,80,-10.897090960016726,8.653428814309489,4.2027125065673164e-18,5.0432550078807794e-17
QuantileMLP-RB minus QuantileMLP-JCSO,heavy,1.0,40,80,-2.2674198112019432,3.5251739534820885,1.5919313966493134e-07,1.5919313966493134e-06
QuantileMLP-RB minus QuantileMLP-JCSO,heavy,1.0,50,80,0.018658090152048234,1.31451942751398,0.8992996671471488,1.0
GAN-RB minus GAN-JCSO,extreme,0.82,30,80,0.4921144733245969,9.913908411314045,0.6582687174677424,1.0
GAN-RB minus GAN-JCSO,extreme,0.82,40,80,2.7042118053294404,8.002245942634909,0.003378243315704691,0.037160676472751605
GAN-RB minus GAN-JCSO,extreme,0.82,50,80,2.721806517531926,6.910573328868571,0.000713044833142645,0.008556537997711739
GAN-RB minus GAN-JCSO,extreme,1.0,30,80,-4.568037509351621,14.730096800583906,0.006911511303579945,0.06911511303579945
GAN-RB minus GAN-JCSO,extreme,1.0,40,80,-0.41929156013851865,10.68151327712841,0.7264494515339297,1.0
GAN-RB minus GAN-JCSO,extreme,1.0,50,80,2.2321881702283317,9.10626969572072,0.031287934952445536,0.19270236752993494
GAN-RB minus GAN-JCSO,heavy,0.82,30,79,0.9316491591531444,7.254364637333851,0.25716444676137784,1.0
GAN-RB minus GAN-JCSO,heavy,0.82,40,79,1.3693816178734135,5.443254252873747,0.028207277169584516,0.19270236752993494
GAN-RB minus GAN-JCSO,heavy,0.82,50,80,1.6456699996519824,5.692604176677859,0.011556384283763451,0.10400745855387106
GAN-RB minus GAN-JCSO,heavy,1.0,30,79,-4.3818042755607225,17.339759280618438,0.027528909647133563,0.19270236752993494
GAN-RB minus GAN-JCSO,heavy,1.0,40,79,0.05867650142441278,8.825001433327097,0.9530262604135191,1.0
GAN-RB minus GAN-JCSO,heavy,1.0,50,80,1.4373204543601843,5.2533065614470384,0.01661720864432196,0.13293766915457567
QuantileMLP-RB minus GAN-RB,extreme,0.82,30,80,-4.658544001897468,10.400121513654375,0.00013854109644162235,0.0011083287715329788
QuantileMLP-RB minus GAN-RB,extreme,0.82,40,80,-3.621687361947663,8.45943870108032,0.0002561323448477969,0.0017929264139345785
QuantileMLP-RB minus GAN-RB,extreme,0.82,50,80,-2.6620663990595106,6.8792626073337155,0.0008706122619734536,0.0034824490478938142
QuantileMLP-RB minus GAN-RB,extreme,1.0,30,80,-8.91849333098347,14.433929041543971,4.063764315603484e-07,4.87651717872418e-06
QuantileMLP-RB minus GAN-RB,extreme,1.0,40,80,-6.093494488484196,11.33422718258136,7.136648116237336e-06,6.422983304613603e-05
QuantileMLP-RB minus GAN-RB,extreme,1.0,50,80,-3.616525334644211,8.604185522265254,0.0003248291445879051,0.0019489748675274306
QuantileMLP-RB minus GAN-RB,heavy,0.82,30,79,-3.496312602085295,8.35370929536344,0.0003737849195988581,0.0019489748675274306
QuantileMLP-RB minus GAN-RB,heavy,0.82,40,79,-2.221923618286715,6.050138981564637,0.001631113741660039,0.0034824490478938142
QuantileMLP-RB minus GAN-RB,heavy,0.82,50,80,-1.8005070181340934,6.0672348769885645,0.009606947111081333,0.009606947111081333
QuantileMLP-RB minus GAN-RB,heavy,1.0,30,79,-9.925449232359318,16.21394362249422,5.91314349243559e-07,6.504457841679149e-06
QuantileMLP-RB minus GAN-RB,heavy,1.0,40,79,-5.151171732969398,9.142892429644087,3.34453251974607e-06,3.34453251974607e-05
QuantileMLP-RB minus GAN-RB,heavy,1.0,50,80,-2.1285335135329673,5.5992454184577545,0.0010586255437507368,0.0034824490478938142
QuantileMLP-JCSO minus Diffusion-JCSO,extreme,0.82,30,76,-5.811686383608393,10.450975841521549,6.580773730412423e-06,7.534705663281727e-05
QuantileMLP-JCSO minus Diffusion-JCSO,extreme,0.82,40,76,-2.8684011263855633,6.387385165943948,0.0001975116745332106,0.0015800933962656848
QuantileMLP-JCSO minus Diffusion-JCSO,extreme,0.82,50,77,-2.1744754961604773,7.744933116133347,0.0160132302519328,0.048039690755798406
QuantileMLP-JCSO minus Diffusion-JCSO,extreme,1.0,30,76,-8.146349649406998,14.612434266694729,6.278921386068106e-06,7.534705663281727e-05
QuantileMLP-JCSO minus Diffusion-JCSO,extreme,1.0,40,76,-5.380916956385583,11.774168556617502,0.00015551915516642765,0.001399672396497849
QuantileMLP-JCSO minus Diffusion-JCSO,extreme,1.0,50,77,-3.8292813462762227,11.042696142646117,0.0032164095842128733,0.016082047921064366
QuantileMLP-JCSO minus Diffusion-JCSO,heavy,0.82,30,77,-3.475896617322406,9.44142504958987,0.0018268287991021767,0.01096097279461306
QuantileMLP-JCSO minus Diffusion-JCSO,heavy,0.82,40,77,-1.398058129538874,4.577482429341718,0.009021338706618044,0.036085354826472175
QuantileMLP-JCSO minus Diffusion-JCSO,heavy,0.82,50,79,-2.253799382545323,11.363395771276418,0.0818390773166626,0.0818390773166626
QuantileMLP-JCSO minus Diffusion-JCSO,heavy,1.0,30,77,-7.346835798906181,14.120147940461965,1.8842706750738452e-05,0.00018842706750738452
QuantileMLP-JCSO minus Diffusion-JCSO,heavy,1.0,40,77,-4.612782884138318,10.920198986357784,0.00039675075342992833,0.0027772552740094984
QuantileMLP-JCSO minus Diffusion-JCSO,heavy,1.0,50,79,-3.6591599211916597,13.746761812065856,0.020469862199119792,0.048039690755798406
GAN-JCSO minus Diffusion-JCSO,extreme,0.82,30,76,-2.350492996387567,10.801767660972127,0.06167590241375121,0.6006404939710104
GAN-JCSO minus Diffusion-JCSO,extreme,0.82,40,76,-1.4073717431010655,6.802766143755556,0.07531655194041749,0.6006404939710104
GAN-JCSO minus Diffusion-JCSO,extreme,0.82,50,77,-1.6519167519208908,8.160839720248976,0.07969770012246322,0.6006404939710104
GAN-JCSO minus Diffusion-JCSO,extreme,1.0,30,76,-4.096018835015744,15.318444343648665,0.022439540917334,0.26927449100800804
GAN-JCSO minus Diffusion-JCSO,extreme,1.0,40,76,-1.603910045004044,11.839664109178903,0.24133703117680882,0.7933230285744325
GAN-JCSO minus Diffusion-JCSO,extreme,1.0,50,77,-2.270820358840086,10.734399101471416,0.06728534035928822,0.6006404939710104
GAN-JCSO minus Diffusion-JCSO,heavy,0.82,30,77,-1.0085853646217493,9.760935252549363,0.3674280221347679,0.7933230285744325
GAN-JCSO minus Diffusion-JCSO,heavy,0.82,40,77,-0.25110340702235046,4.869061801577799,0.6521723776921166,0.7933230285744325
GAN-JCSO minus Diffusion-JCSO,heavy,0.82,50,79,-1.8253339950887375,11.39957653795086,0.1586646057148865,0.7933230285744325
GAN-JCSO minus Diffusion-JCSO,heavy,1.0,30,77,-3.722358882874491,14.242197017977855,0.024588190417063092,0.270470094587694
GAN-JCSO minus Diffusion-JCSO,heavy,1.0,40,77,-1.7016918220574386,10.818237728005887,0.17154451592432182,0.7933230285744325
GAN-JCSO minus Diffusion-JCSO,heavy,1.0,50,79,-2.950879756034372,13.745930188019862,0.06006404939710104,0.6006404939710104
