workload,capacity,budget,method,reached
extreme,0.82,30,Diffusion-JCSO,76
extreme,0.82,30,Diffusion-RB,77
extreme,0.82,30,GAN-JCSO,80
extreme,0.82,30,GAN-RB,80
extreme,0.82,30,QuantileMLP-JCSO,80
extreme,0.82,30,QuantileMLP-RB,80
extreme,0.82,40,Diffusion-JCSO,76
extreme,0.82,40,Diffusion-RB,77
extreme,0.82,40,GAN-JCSO,80
extreme,0.82,40,GAN-RB,80
extreme,0.82,40,QuantileMLP-JCSO,80
extreme,0.82,40,QuantileMLP-RB,80
extreme,0.82,50,Diffusion-JCSO,77
extreme,0.82,50,Diffusion-RB,77
extreme,0.82,50,GAN-JCSO,80
extreme,0.82,50,GAN-RB,80
extreme,0.82,50,QuantileMLP-JCSO,80
extreme,0.82,50,QuantileMLP-RB,80
extreme,1.0,30,Diffusion-JCSO,76
extreme,1.0,30,Diffusion-RB,77
extreme,1.0,30,GAN-JCSO,80
extreme,1.0,30,GAN-RB,80
extreme,1.0,30,QuantileMLP-JCSO,80
extreme,1.0,30,QuantileMLP-RB,80
extreme,1.0,40,Diffusion-JCSO,76
extreme,1.0,40,Diffusion-RB,77
extreme,1.0,40,GAN-JCSO,80
extreme,1.0,40,GAN-RB,80
extreme,1.0,40,QuantileMLP-JCSO,80
extreme,1.0,40,QuantileMLP-RB,80
extreme,1.0,50,Diffusion-JCSO,77
extreme,1.0,50,Diffusion-RB,77
extreme,1.0,50,GAN-JCSO,80
extreme,1.0,50,GAN-RB,80
extreme,1.0,50,QuantileMLP-JCSO,80
extreme,1.0,50,QuantileMLP-RB,80
heavy,0.82,30,Diffusion-JCSO,77
heavy,0.82,30,Diffusion-RB,79
heavy,0.82,30,GAN-JCSO,80
heavy,0.82,30,GAN-RB,79
heavy,0.82,30,QuantileMLP-JCSO,80
heavy,0.82,30,QuantileMLP-RB,80
heavy,0.82,40,Diffusion-JCSO,77
heavy,0.82,40,Diffusion-RB,80
heavy,0.82,40,GAN-JCSO,80
heavy,0.82,40,GAN-RB,79
heavy,0.82,40,QuantileMLP-JCSO,80
heavy,0.82,40,QuantileMLP-RB,80
heavy,0.82,50,Diffusion-JCSO,79
heavy,0.82,50,Diffusion-RB,80
heavy,0.82,50,GAN-JCSO,80
heavy,0.82,50,GAN-RB,80
heavy,0.82,50,QuantileMLP-JCSO,80
heavy,0.82,50,QuantileMLP-RB,80
heavy,1.0,30,Diffusion-JCSO,77
heavy,1.0,30,Diffusion-RB,79
heavy,1.0,30,GAN-JCSO,80
heavy,1.0,30,GAN-RB,79
heavy,1.0,30,QuantileMLP-JCSO,80
heavy,1.0,30,QuantileMLP-RB,80
heavy,1.0,40,Diffusion-JCSO,77
heavy,1.0,40,Diffusion-RB,80
heavy,1.0,40,GAN-JCSO,80
heavy,1.0,40,GAN-RB,79
heavy,1.0,40,QuantileMLP-JCSO,80
heavy,1.0,40,QuantileMLP-RB,80
heavy,1.0,50,Diffusion-JCSO,79
heavy,1.0,50,Diffusion-RB,80
heavy,1.0,50,GAN-JCSO,80
heavy,1.0,50,GAN-RB,80
heavy,1.0,50,QuantileMLP-JCSO,80
heavy,1.0,50,QuantileMLP-RB,80
