hypothesis,workload,capacity,budget,n,mean_diff,sd_diff,t,p_t,p_wilcoxon,p_holm_t,p_holm_wilcoxon
H1,extreme,0.82,30,77,2.8846617506008005,18.7420022120211,1.3505923137154812,0.18083394702357553,0.15001970036521245,1.0,1.0
H2,extreme,0.82,30,77,7.595336149101553,14.765941843078878,4.51368459438149,2.2873291254441005e-05,3.167799984067318e-08,0.0002744794950532921,3.801359980880782e-07
H3,extreme,0.82,30,76,0.39776927176904026,5.917188130195092,0.5860337783209361,0.5596123535849638,0.7521402668788448,1.0,1.0
H4,extreme,0.82,30,76,-0.31467015447417956,11.378831613084072,-0.2410819406667579,0.8101494642858115,0.1605981827919123,0.8175703230512081,1.0
H1,extreme,0.82,40,77,0.9240433942338263,14.995179673128577,0.5407369603804838,0.5902702441932226,0.7432922987926105,1.0,1.0
H2,extreme,0.82,40,77,4.584291932806764,11.480209875186464,3.504029881782538,0.0007717083851804077,4.943258487399099e-06,0.0069453754666236696,5.437584336139008e-05
H3,extreme,0.82,40,76,1.4774750948762483,4.4848743272494245,2.8719487594264392,0.005301117601082341,0.0038651482880142246,0.04240894080865873,0.030921186304113796
H4,extreme,0.82,40,76,-1.3463836524392794,9.099712690366834,-1.2898759510134432,0.20105692465777233,0.8077454482634767,0.8175703230512081,1.0
H1,extreme,0.82,50,77,0.013435280584573892,11.03314273478588,0.010685451235263536,0.9915024056386798,0.8212424238996878,1.0,1.0
H2,extreme,0.82,50,77,2.657292796410841,7.961844551332049,2.92867431724444,0.004490702695802943,0.00010813722602433809,0.026317076581099857,0.0007569605821703667
H3,extreme,0.82,50,77,1.066672610807794,4.1136365874600855,2.2753624375516837,0.02570296803728615,0.0040225868611256195,0.17992077626100306,0.030921186304113796
H4,extreme,0.82,50,77,-1.6384814713363172,7.822277749879946,-1.8380345239720863,0.06996501318471206,0.3014801212965582,0.4897550922929844,1.0
H1,extreme,1.0,30,77,-0.7483372356658937,22.320712878213836,-0.29419457293127294,0.7694112413914145,0.2828745558409864,1.0,1.0
H2,extreme,1.0,30,77,8.648369139710628,18.78854471150808,4.039117045797556,0.00012710771061879422,0.00012765004929260522,0.0012710771061879424,0.0007659002957556313
H3,extreme,1.0,30,76,-9.910541641297339,9.500090090926607,-9.094450489774953,9.847230247365523e-14,3.060930415746733e-10,1.1816676296838628e-12,3.6731164988960794e-09
H4,extreme,1.0,30,76,-5.759264619438307,17.428678993677057,-2.880775126370542,0.005169485945912502,0.011518961734187684,0.06203383135095002,0.1382275408102522
H1,extreme,1.0,40,77,-0.15219080169320873,18.77387356467717,-0.07113443373024694,0.9434776209462379,0.1603427864330097,1.0,1.0
H2,extreme,1.0,40,77,6.139785594820829,15.667979102106793,3.438631082519854,0.0009519944978572622,7.889551921420586e-05,0.007615955982858098,0.0007100596729278527
H3,extreme,1.0,40,76,-3.1010195860521996,7.25375785648048,-3.7269043894168052,0.00037361358048998845,1.8549540293316676e-05,0.003362522224409896,0.0001669458626398501
H4,extreme,1.0,40,76,-2.7769199192084124,12.549199906107923,-1.9290972161887727,0.05750223426662643,0.12286691091831199,0.46001787413301143,1.0
H1,extreme,1.0,50,77,0.49243743952705005,15.78796200959762,0.2736971999452231,0.7850597928142067,0.5713002663696997,1.0,1.0
H2,extreme,1.0,50,77,4.126546001798575,12.66513934672793,2.859052176008854,0.005481554869504099,9.340631129429696e-05,0.026317076581099857,0.0007472504903543757
H3,extreme,1.0,50,77,0.410832698770018,4.918175746067764,0.7330039606180092,0.4658109167866485,0.9493935715989974,1.0,1.0
H4,extreme,1.0,50,77,-1.7783829193130356,10.600090404899827,-1.472180536960788,0.1451013083268092,0.1184480083551203,0.8175703230512081,1.0
H1,heavy,0.82,30,78,1.5012307441667303,16.354780290150234,0.8106810793199699,0.4200474522871899,0.7329669229474853,1.0,1.0
H2,heavy,0.82,30,79,4.958611130100653,15.018881314272985,2.9345128203600166,0.00438617943018331,0.002291986737867489,0.026317076581099857,0.009167946951469956
H3,heavy,0.82,30,77,-0.48158313787712886,4.072060153863378,-1.0377731970464745,0.3026662233585393,0.19453045610702446,1.0,0.9909542776582001
H4,heavy,0.82,30,76,-1.3448172871710478,8.265276826289611,-1.4184455706697985,0.16020279714485114,0.8197989930410505,0.8175703230512081,1.0
H1,heavy,0.82,40,79,2.230913143788098,16.32264677218917,1.2148023557011602,0.22810620308988944,0.8488423496365608,1.0,1.0
H2,heavy,0.82,40,80,4.4007835916826625,15.175013104670256,2.593856413142633,0.011306951540771956,0.009075942606816191,0.03324955954362252,0.027227827820448573
H3,heavy,0.82,40,77,0.4175526750604568,3.064558081185491,1.1956079005356754,0.23556683151828134,0.6241511907004293,1.0,1.0
H4,heavy,0.82,40,76,-0.8394395662273618,6.342269922359551,-1.1538557277402655,0.25222304226103104,0.8037375696312485,0.8175703230512081,1.0
H1,heavy,0.82,50,80,1.4992110213936318,14.850034136584805,0.9029845253201604,0.3692792345162579,0.7552239380786192,1.0,1.0
H2,heavy,0.82,50,80,3.2997180395277255,13.29846688108114,2.219321643298023,0.029333154320519687,0.09227895746545244,0.03324955954362252,0.09227895746545244
H3,heavy,0.82,50,79,0.4390875917225354,3.2647385380570038,1.1954084028375087,0.23554929445560144,0.46054635165021596,1.0,1.0
H4,heavy,0.82,50,79,-1.1747454250683778,6.935967332388056,-1.5053943060116486,0.1362617205085347,0.7286048882281883,0.8175703230512081,1.0
H1,heavy,1.0,30,78,-0.967848681191716,25.03128954912291,-0.3414849279059827,0.7336687080197846,0.40693734979616436,1.0,1.0
H2,heavy,1.0,30,79,8.856788508258084,19.284582062408585,4.082061924893609,0.00010710310153640717,4.304865091502206e-05,0.0011781341169004788,0.0004304865091502206
H3,heavy,1.0,30,77,-11.089534351769366,13.032310724803509,-7.46684690569369,1.1467633507450679e-10,7.20562576660859e-10,1.2614396858195748e-09,7.926188343269449e-09
H4,heavy,1.0,30,76,-6.557699012068114,21.85842681203242,-2.6154075534865653,0.010769262600723296,0.013923053506688146,0.11846188860795626,0.15315358857356962
H1,heavy,1.0,40,79,1.7485435737447979,20.928272777631854,0.7426028605285674,0.4599527616042712,0.27795290784188076,1.0,1.0
H2,heavy,1.0,40,80,6.805430903347613,18.56012601036577,3.27959112078532,0.001547715797909588,0.0007468139664915052,0.010834010585367117,0.003734069832457526
H3,heavy,1.0,40,77,-3.02224508023579,6.7942842372366075,-3.903294596315923,0.00020371256097889625,1.5025220887118404e-06,0.0020371256097889623,1.5025220887118405e-05
H4,heavy,1.0,40,76,-2.9585876065238326,10.97205050213564,-2.350733691927339,0.021366644789708025,0.019009697610130966,0.21366644789708025,0.19009697610130966
H1,heavy,1.0,50,80,2.397196122074103,16.8529632557138,1.272249491801208,0.2070165791220813,0.9350149947032165,1.0,1.0
H2,heavy,1.0,50,80,4.525729635607071,15.561078695884044,2.6013207209547735,0.01108318651454084,0.022712495679036153,0.03324955954362252,0.045424991358072306
H3,heavy,1.0,50,79,-0.08335116914689183,3.527050307510761,-0.21004559949443566,0.8341797786509768,0.16515904627636668,1.0,0.9909542776582001
H4,heavy,1.0,50,79,-1.4943759552926303,6.323105840950384,-2.1005980853874546,0.038907091337717754,0.4256878296774921,0.3501638220394598,1.0
