workload,seed,forecaster,params_online,params_training_only,fit_seconds,ms_per_prediction,estimate_pinball,estimate_coverage,estimate_joint_coverage,crps,energy_score,sample_spread,crps_grid,nmae,rmse,quantile_pinball,quantile_coverage,quantile_joint_coverage
normal,3,Persistence,0,0,0.0024633409998386924,0.0004766156867321876,1.7996429408383225,0.5135416666666667,0.5,3.5999932101502186,5.431734528562332,0.0,3.5999342661107536,0.11904868014289417,5.110455464268271,1.7996429408383225,0.5135416666666667,0.5
normal,3,MovingAverage,0,0,0.0014451670003836625,0.0016276183005709969,1.6662512003532417,0.49270833333333336,0.44375,3.3159012535733683,5.1378041588721395,0.0,3.317284682501128,0.10965400340452468,5.017143283478332,1.6662512003532417,0.49270833333333336,0.44375
normal,3,QuantileMLP,4200,0,0.40730541299990364,0.016987447059340282,1.067154286113459,0.7375,0.675,2.1277357262849717,,,2.1277357262849717,0.10072908433559422,4.524222934220035,0.9935724638297909,0.8260416666666667,0.7791666666666667
normal,3,GAN,3506,3169,2.524531340000067,0.04289088496721781,1.2404060527270568,0.6895833333333333,0.6104166666666667,3.27577192174417,5.274743283157591,1.2703590351154743,3.174106240839736,0.1283966023937301,5.724080149849907,1.245443529567704,0.7572916666666667,0.6625
normal,3,DDPM,3674,0,5.4159379140000965,0.10302386535959812,1.1851276093810266,0.6520833333333333,0.6020833333333333,2.2150534900253023,3.4239604931590266,2.8341165540067137,2.141814610376188,0.09877356616918317,4.458936694718077,1.0418937625847984,0.7427083333333333,0.6979166666666666
normal,11,Persistence,0,0,0.0023427719997926033,0.0003500588236955296,1.8372387795731442,0.5125,0.5020833333333333,3.6856053864789287,5.520451975037394,0.0,3.684678067534542,0.12627578585054147,5.13510393973312,1.8372387795731442,0.5125,0.5020833333333333
normal,11,MovingAverage,0,0,0.0018017160000454169,0.0013921320257151842,1.5608033896816562,0.5177083333333333,0.47291666666666665,3.1349680897091665,4.779100455788645,0.0,3.1338546471803452,0.10740991441913258,4.477324496838626,1.5608033896816562,0.5177083333333333,0.47291666666666665
normal,11,QuantileMLP,4200,0,0.442239225999856,0.018322908496937837,1.0289072478283026,0.7291666666666666,0.68125,1.988392179611128,,,1.988392179611128,0.09906475300508934,4.118830697485912,0.9149929845656988,0.8260416666666667,0.76875
normal,11,GAN,3506,3169,2.5765533740000137,0.03857085098061837,1.0255208724537535,0.78125,0.725,2.5955392400603925,3.971766020025934,3.077853757009893,2.4946433578750673,0.11389895344351632,4.371314109040609,1.0048585074908472,0.8854166666666666,0.8395833333333333
normal,11,DDPM,3674,0,5.247068562000095,0.10133145359480122,1.1602271622710076,0.6385416666666667,0.60625,2.0983673608763045,3.1960653583923677,2.4111801932151096,2.023874895477211,0.09785721762401971,3.970064598367451,0.9664464309868576,0.7239583333333334,0.6770833333333334
normal,27,Persistence,0,0,0.0016901420003705425,0.0005169333330354823,1.765215747674104,0.5270833333333333,0.5083333333333333,3.547598426210351,5.311601581517526,0.0,3.546167848638505,0.12192140914724507,4.9309917543469055,1.765215747674104,0.5270833333333333,0.5083333333333333
normal,27,MovingAverage,0,0,0.0019479579996186658,0.0014580104570817568,1.5146415616590931,0.515625,0.4791666666666667,3.0904248138983417,4.728191988859061,0.0,3.0853296730166613,0.10620958262646302,4.4361024322222775,1.5146415616590931,0.515625,0.4791666666666667
normal,27,QuantileMLP,4200,0,0.4641649879999932,0.017863488888680543,0.9524397111811387,0.7427083333333333,0.69375,1.9372256901382585,,,1.9372256901382585,0.09652715096406632,3.9811074206238364,0.8818821994469701,0.8385416666666666,0.7895833333333333
normal,27,GAN,3506,3169,2.839287387999775,0.03558453856171314,1.1050275995388048,0.7302083333333333,0.6791666666666667,3.1209880038548206,4.646534749406878,2.842737164505336,3.01467582692546,0.13513991876122225,5.187144814888139,1.2540160650211993,0.796875,0.7520833333333333
normal,27,DDPM,3674,0,5.817648363999979,0.09530899215664534,1.1033105850135325,0.6385416666666667,0.5916666666666667,2.0746502044600157,3.1623550517054313,2.7018184244402885,1.9945813868829678,0.09808606462405721,3.984320575906031,0.9268300388790696,0.740625,0.68125
normal,41,Persistence,0,0,0.002096112000344874,0.00039390980400996485,2.024828314533704,0.4739583333333333,0.46875,4.037589949026908,6.060133995628282,0.0,4.03859550569695,0.13771482408797822,5.708457704244913,2.024828314533704,0.4739583333333333,0.46875
normal,41,MovingAverage,0,0,0.003009133999967162,0.0014073333332383186,1.8268131607884577,0.5041666666666667,0.47291666666666665,3.610337431559841,5.535181675865742,0.0,3.613944839061264,0.1231420205029327,5.229282082538127,1.8268131607884577,0.5041666666666667,0.47291666666666665
normal,41,QuantileMLP,4200,0,0.4445787899999232,0.01863422091499909,1.152693923508367,0.709375,0.6625,2.2395464523547792,,,2.2395464523547792,0.11075991500276806,4.706455994365182,1.0252914524337278,0.8020833333333334,0.7541666666666667
normal,41,GAN,3506,3169,2.7232381089997943,0.040579803921633247,1.2428658871957021,0.70625,0.6354166666666666,3.073387855946756,4.709098910507293,1.940264466224311,2.9667711577383176,0.12885641981475768,5.174051184015701,1.1833501423108481,0.7989583333333333,0.7375
normal,41,DDPM,3674,0,6.211734592000084,0.10097832548982456,1.1745680341852336,0.6916666666666667,0.6354166666666666,2.387966516794952,3.6519871138990205,2.437939820077685,2.2985061789551917,0.10851150252601983,4.582373648218338,1.0080499747671599,0.8,0.7520833333333333
normal,59,Persistence,0,0,0.00166380200016647,0.00037414117637691484,1.6995975780117007,0.5104166666666666,0.4979166666666667,3.4173825710564913,5.093414899836909,0.0,3.4158669531370673,0.11904508330586494,4.523512958944184,1.6995975780117007,0.5104166666666666,0.4979166666666667
normal,59,MovingAverage,0,0,0.0014590890000363288,0.0014392078430045647,1.473918954096915,0.5104166666666666,0.4708333333333333,3.0050099588567947,4.547719843103556,0.0,3.0002456213015476,0.10468001561103162,4.056021094380994,1.473918954096915,0.5104166666666666,0.4708333333333333
normal,59,QuantileMLP,4200,0,0.4349797199997738,0.01789598039251918,0.8906555572117921,0.7302083333333333,0.6895833333333333,1.8494108450767948,,,1.8494108450767948,0.09420824383001207,3.711783057560383,0.8231460576870899,0.8447916666666667,0.8104166666666667
normal,59,GAN,3506,3169,2.564223704000142,0.03609918954276105,1.0241251766032957,0.684375,0.6145833333333334,2.3136291036748315,3.536958468134361,2.1564916113877586,2.2289544533218173,0.10256519658258058,3.9673682679320597,0.9133108593261378,0.7708333333333334,0.6979166666666666
normal,59,DDPM,3674,0,4.99402950800004,0.09897842222201338,1.0445477341168854,0.6614583333333334,0.5979166666666667,2.0203788276008554,3.0794977963131918,2.27256909236526,1.943029540032272,0.0958377230622645,3.7254434269640417,0.8941406852962221,0.75625,0.675
normal,73,Persistence,0,0,0.001556291999804671,0.0004496888887765665,1.6628660742208434,0.50625,0.49583333333333335,3.3430647748542195,5.002161612889043,0.0,3.341620389319842,0.11505652542952768,4.721722379070139,1.6628660742208434,0.50625,0.49583333333333335
normal,73,MovingAverage,0,0,0.0013684189998457441,0.0014441071893136076,1.3961777768590677,0.5375,0.49375,2.867164850899281,4.372115264446836,0.0,2.860930742800852,0.09867772472118085,4.128996263089551,1.3961777768590677,0.5375,0.49375
normal,73,QuantileMLP,4200,0,0.3898528909999186,0.016903041829756427,0.9047764876624685,0.7739583333333333,0.7333333333333333,1.9095599103621046,,,1.9095599103621046,0.09419380506019262,3.9630263035191025,0.8913581049220387,0.8520833333333333,0.8145833333333333
normal,73,GAN,3506,3169,2.6042940230004206,0.03576312679749856,1.2517378986876768,0.5708333333333333,0.5083333333333333,2.5591060980324065,3.9081689545088927,0.6786415619691153,2.5410123180461897,0.09916518393352886,4.061909898244829,1.2540837569749734,0.6135416666666667,0.5395833333333333
normal,73,DDPM,3674,0,4.910716154000056,0.0957762797387736,0.9339825562146922,0.74375,0.6916666666666667,1.9630946180371596,2.989528587227246,2.801865480502751,1.8826283103337238,0.093277251618402,3.8489295651436835,0.8677599524792463,0.85,0.8083333333333333
normal,89,Persistence,0,0,0.001634061999993719,0.0004480614377683321,1.7897215756831057,0.5229166666666667,0.5104166666666666,3.584814155327451,5.387767353525623,0.0,3.584366571664014,0.12042593710108619,5.127408650369376,1.7897215756831057,0.5229166666666667,0.5104166666666666
normal,89,MovingAverage,0,0,0.0013423500004137168,0.0014870287575867419,1.6643136967304253,0.5229166666666667,0.48125,3.347708290809344,5.16320607743982,0.0,3.346118216030303,0.11246075545162129,4.839997457906984,1.6643136967304253,0.5229166666666667,0.48125
normal,89,QuantileMLP,4200,0,0.449255987000015,0.016418401307472616,1.1313235989546462,0.7166666666666667,0.65625,2.1987900453239733,,,2.1987900453239733,0.1046471616216223,4.542292773068658,1.0683709271306914,0.78125,0.7104166666666667
normal,89,GAN,3506,3169,2.7654185229998802,0.035099175163529304,1.5275648780354203,0.559375,0.49583333333333335,2.8301619476417517,4.347292906868947,1.2848878670367931,2.835210054709451,0.11233374252931402,4.776661888443589,1.634110937929372,0.5739583333333333,0.49375
normal,89,DDPM,3674,0,5.239612970000053,0.13213972156841514,1.154253443524304,0.6760416666666667,0.6270833333333333,2.211996502047284,3.388906606347238,2.379162098508821,2.1434639495387398,0.09805317024668812,4.269002189048035,1.0178708437288593,0.771875,0.7270833333333333
normal,97,Persistence,0,0,0.0018714370003181102,0.00036672679723576747,1.8540740449906261,0.5229166666666667,0.5083333333333333,3.745951925417605,5.60769983035831,0.0,3.7428016057979088,0.12863053724014378,5.1206752382444245,1.8540740449906261,0.5229166666666667,0.5083333333333333
normal,97,MovingAverage,0,0,0.00134146399977908,0.0013682117646062074,1.5968529473256639,0.5229166666666667,0.4791666666666667,3.2871184843932975,5.0211897914457415,0.0,3.2793341019148,0.1128748646640413,4.691980555277647,1.5968529473256639,0.5229166666666667,0.4791666666666667
normal,97,QuantileMLP,4200,0,0.38823600100022304,0.016249558170100833,0.9857130591209008,0.7354166666666667,0.7020833333333333,2.0055622605967747,,,2.0055622605967747,0.10071287147212235,4.108110803276115,0.8955599023575324,0.8135416666666667,0.7770833333333333
normal,97,GAN,3506,3169,2.49026286399976,0.03496805751685576,1.1737844176559782,0.6552083333333333,0.5916666666666667,2.902979005817699,4.586022567166691,0.9223352079849862,2.8222679362425867,0.1139001912216759,4.711732569100619,1.0987291360792577,0.7291666666666666,0.6416666666666667
normal,97,DDPM,3674,0,4.845058570999754,0.09399448235318927,1.115939055629581,0.6708333333333333,0.6166666666666667,2.05106864144015,3.138305467755178,2.700248180941493,1.9694198845385429,0.09630236024972348,3.9705454671704787,0.9042081671069543,0.7885416666666667,0.71875
normal,113,Persistence,0,0,0.001949355000306241,0.0006585477124829244,1.7618398762491663,0.5052083333333334,0.4979166666666667,3.5377352857001294,5.285445473458903,0.0,3.5365639912666467,0.12023596339262392,4.9186964712266406,1.7618398762491663,0.5052083333333334,0.4979166666666667
normal,113,MovingAverage,0,0,0.001918937000027654,0.002178563398855557,1.5835906619650886,0.5104166666666666,0.4666666666666667,3.2132068686500364,4.887761359708148,0.0,3.2093714065900483,0.10920631201366865,4.587068563929979,1.5835906619650886,0.5104166666666666,0.4666666666666667
normal,113,QuantileMLP,4200,0,0.5246395089998259,0.018640809150169576,0.9868473129250025,0.7833333333333333,0.7354166666666667,1.9989168565903943,,,1.9989168565903943,0.09905122971577537,4.079503234814142,0.9356515545030639,0.8520833333333333,0.8083333333333333
normal,113,GAN,3506,3169,2.9338486690003265,0.04113562091494233,1.3696634052538477,0.5791666666666667,0.5291666666666667,2.672493474745719,4.020321824906456,1.441051833411695,2.6404554804645337,0.11057256656121088,4.5471711274755835,1.3628556054217686,0.609375,0.5604166666666667
normal,113,DDPM,3674,0,5.465382327000043,0.0989758130719351,1.1096946486902464,0.6822916666666666,0.63125,2.0340784690412694,3.09234201212005,2.729042517835078,1.9610009485823872,0.09502757461629235,4.007629501073321,0.9320673323463341,0.7895833333333333,0.7541666666666667
normal,131,Persistence,0,0,0.0027733649999390764,0.00042595424840292966,1.7364607593661912,0.5177083333333333,0.4979166666666667,3.472452141621665,5.1998096394822975,0.0,3.4724912563808914,0.12013572324345538,4.892233899933188,1.7364607593661912,0.5177083333333333,0.4979166666666667
normal,131,MovingAverage,0,0,0.0024505569999746513,0.001386222222470298,1.495604619942796,0.521875,0.47708333333333336,3.017452728427736,4.607873580570596,0.0,3.015265771049224,0.10439420072563228,4.352583041722696,1.495604619942796,0.521875,0.47708333333333336
normal,131,QuantileMLP,4200,0,0.584325784000157,0.017247345097536285,0.9719774084147689,0.74375,0.7020833333333333,1.9896129683828052,,,1.9896129683828052,0.0982539517316787,4.100514002891908,0.9048683529830542,0.8333333333333334,0.7875
normal,131,GAN,3506,3169,2.6743665270000747,0.035493631372339546,1.2248486695414067,0.625,0.5458333333333333,2.5058068453189324,3.823483917466407,0.9287157149768419,2.465226889904897,0.10118888805225537,4.128534091154138,1.1454800702203978,0.6895833333333333,0.6104166666666667
normal,131,DDPM,3674,0,5.311917999000343,0.09246728496733114,1.020065750678918,0.6895833333333333,0.65,2.0263863174427996,3.097052966705817,2.6040000108879364,1.9503660099378082,0.09536109406581468,4.005323827033379,0.8915253239079289,0.8020833333333334,0.7541666666666667
medium,3,Persistence,0,0,0.0015573559999211284,0.0004008562094883862,2.1204106103642926,0.5072916666666667,0.4979166666666667,4.2390296092497985,6.439954383495818,0.0,4.239178910206364,0.12720467109062028,6.5661084047422404,2.1204106103642926,0.5072916666666667,0.4979166666666667
medium,3,MovingAverage,0,0,0.0013419319998320134,0.0013423333334655872,2.2222763810258064,0.4895833333333333,0.44375,4.440244696601321,6.958669819358872,0.0,4.440603702055512,0.1332427272884751,7.55988775965702,2.2222763810258064,0.4895833333333333,0.44375
medium,3,QuantileMLP,4200,0,0.39588179899965326,0.016425107189646643,1.395902404095782,0.7520833333333333,0.7,2.6753117795597925,,,2.6753117795597925,0.11370038569895499,6.083101316506165,1.2772485442218156,0.8302083333333333,0.7833333333333333
medium,3,GAN,3506,3169,2.5139841819996036,0.03587753333323871,1.5473694066395214,0.709375,0.65625,3.206070358117065,5.0304291623688275,3.5868116161843813,3.1109137235511044,0.1276667246994005,6.645240307099616,1.4951018698140695,0.7895833333333333,0.7395833333333334
medium,3,DDPM,3674,0,4.856295792999845,0.0985999189544921,1.5031000969955113,0.6989583333333333,0.6625,2.852724808357086,4.428116707406377,3.597921748329143,2.7544299942455024,0.11552326376695411,6.376438726975264,1.305575418616137,0.803125,0.7666666666666667
medium,11,Persistence,0,0,0.0019151750002492918,0.0005066888887418838,2.0651801329510495,0.515625,0.5,4.126121930908466,6.20519811978591,0.0,4.126475125491269,0.13135387336419202,5.995447015494398,2.0651801329510495,0.515625,0.5
medium,11,MovingAverage,0,0,0.0015199029999166669,0.0014949202618095264,2.0222117127540264,0.5104166666666666,0.4666666666666667,4.031159572702744,6.2376834025348105,0.0,4.032264893769852,0.12833077472993204,6.187843469341864,2.0222117127540264,0.5104166666666666,0.4666666666666667
medium,11,QuantileMLP,4200,0,0.4546254760002739,0.017114290196237038,1.3770789969746315,0.7114583333333333,0.6541666666666667,2.615267111619582,,,2.615267111619582,0.11428133088621902,5.403435090529651,1.315148160035217,0.7895833333333333,0.7291666666666666
medium,11,GAN,3506,3169,2.779710430999785,0.03942646928134624,1.8271456603579315,0.5947916666666667,0.45,3.6164753481207663,6.0738341605756,2.2036734148037795,3.5908826560590814,0.13846093264220913,6.244988801178101,1.9317936100500168,0.6489583333333333,0.45625
medium,11,DDPM,3674,0,5.14898274799998,0.10175972941165216,1.3847225515473283,0.6708333333333333,0.61875,2.5500429321063014,3.9220638765248776,3.172801166779275,2.470269733652569,0.10945373747938562,5.107505210843116,1.2185413275189665,0.78125,0.73125
medium,27,Persistence,0,0,0.001579311000114103,0.00036350588238241873,1.9262518030423925,0.515625,0.5020833333333333,3.9086833041179916,5.876678745496993,0.0,3.9040016626152245,0.12567406781707496,5.7844823139771435,1.9262518030423925,0.515625,0.5020833333333333
medium,27,MovingAverage,0,0,0.0013072799997644324,0.001342937254591912,1.8351300806772444,0.5083333333333333,0.47291666666666665,3.8211624441305667,5.906230775839199,0.0,3.8085872538992267,0.12286005050288626,6.0013677470705105,1.8351300806772444,0.5083333333333333,0.47291666666666665
medium,27,QuantileMLP,4200,0,0.41814311400003135,0.01723733333289833,1.1215454399917797,0.7614583333333333,0.7125,2.2972223694539555,,,2.2972223694539555,0.10646455791801267,5.027869945634756,1.046957974038458,0.846875,0.7958333333333333
medium,27,GAN,3506,3169,2.506649545000073,0.03672197124175309,1.342091338513099,0.6395833333333333,0.5791666666666667,2.8132280051300236,4.391711104464736,2.005906328936254,2.748686279827417,0.11264291692371055,5.2804905339927055,1.2901988714051476,0.7208333333333333,0.6583333333333333
medium,27,DDPM,3674,0,5.190586952000103,0.09395846013087981,1.2598116137600324,0.6625,0.6020833333333333,2.401546049682732,3.6872279498976743,3.2480882616702274,2.308384899094776,0.10515735636633844,4.998166053219282,1.0568762495441488,0.7802083333333333,0.7270833333333333
medium,41,Persistence,0,0,0.002110645999891858,0.0004029882356739037,2.225961142479486,0.478125,0.46458333333333335,4.44284593092514,6.743958339938067,0.0,4.443602293761292,0.14221761478843634,6.930666611345977,2.225961142479486,0.478125,0.46458333333333335
medium,41,MovingAverage,0,0,0.0016034860000218032,0.0015574117646287454,2.3195087231399096,0.5041666666666667,0.4666666666666667,4.603445407076778,7.2145386182472,0.0,4.606409743677032,0.14735848052847392,7.7132824080148525,2.3195087231399096,0.5041666666666667,0.4666666666666667
medium,41,QuantileMLP,4200,0,0.4318650069999421,0.018422975163464358,1.3888928668589158,0.7125,0.6625,2.705457173627854,,,2.705457173627854,0.12081531816153926,6.13879613777482,1.2329758807253375,0.8145833333333333,0.7666666666666667
medium,41,GAN,3506,3169,2.6210741410000082,0.03727567973863402,2.791431879073023,0.35104166666666664,0.28541666666666665,4.6870721132445246,7.064348435923728,1.4727550115655221,4.815583031225794,0.1735719063045615,7.970131622304234,3.3405924677643446,0.28229166666666666,0.20625
medium,41,DDPM,3674,0,5.342930668999998,0.09059706928109651,1.4151997121496327,0.7020833333333333,0.6270833333333333,2.8229068927519534,4.381162304011579,3.076637625551332,2.7251676494865547,0.11958566603486996,6.153170799281827,1.2585262683316552,0.8083333333333333,0.74375
medium,59,Persistence,0,0,0.0015280369998436072,0.0004272954249566229,1.8589112626092297,0.515625,0.4979166666666667,3.75295134997754,5.649873350465653,0.0,3.7500239479142836,0.12195252479292625,5.240034970675937,1.8589112626092297,0.515625,0.4979166666666667
medium,59,MovingAverage,0,0,0.0013488780000443512,0.0014184810454644084,1.7306904363206503,0.5291666666666667,0.48333333333333334,3.5837664553204758,5.512837260387479,0.0,3.573567656763877,0.11645484493081512,5.397989726473382,1.7306904363206503,0.5291666666666667,0.48333333333333334
medium,59,QuantileMLP,4200,0,0.4456193629998779,0.01617161830057549,1.0740939588810077,0.7520833333333333,0.6979166666666666,2.224363605868976,,,2.224363605868976,0.10424019243652105,4.720390715568518,1.0230657407741928,0.8479166666666667,0.7979166666666667
medium,59,GAN,3506,3169,2.4516437019997284,0.03533380522877849,1.4576905666445095,0.6541666666666667,0.5979166666666667,2.824929021217494,4.354391255495868,2.4980408885345473,2.7926844347640754,0.11636952326747967,5.122271648572077,1.5198820211757158,0.696875,0.625
medium,59,DDPM,3674,0,4.966087280000011,0.09936968888878195,1.1718262524184786,0.690625,0.6166666666666667,2.2376916525237815,3.4315263246013505,2.9805244465029093,2.1528987391919334,0.09964990348566487,4.451660070163691,1.011747241057226,0.771875,0.69375
medium,73,Persistence,0,0,0.0016819349998513644,0.000410590849901828,1.9717830581950675,0.509375,0.5,3.994688402698676,5.973156502105225,0.0,3.9904282121729646,0.12730010235511274,6.3063667484355745,1.9717830581950675,0.509375,0.5
medium,73,MovingAverage,0,0,0.0013199360000726301,0.0013731111115096912,1.8897240958114385,0.5385416666666667,0.4979166666666667,3.8877960907590277,5.973230025019635,0.0,3.878767099164349,0.12389372847080699,6.071290026290731,1.8897240958114385,0.5385416666666667,0.4979166666666667
medium,73,QuantileMLP,4200,0,0.4186704560001999,0.016817318954565137,1.22935503292164,0.79375,0.7354166666666667,2.4300438101476827,,,2.4300438101476827,0.10613366020522047,5.510400531429213,1.202732701254738,0.8770833333333333,0.8395833333333333
medium,73,GAN,3506,3169,2.6308562929998516,0.03697808496760557,1.653337560614469,0.6072916666666667,0.5145833333333333,3.2186719745432955,5.004114007377185,1.9605022807594155,3.192711139951614,0.12556910479948286,6.237046672944158,1.748071833900081,0.6354166666666666,0.5229166666666667
medium,73,DDPM,3674,0,5.091681146000155,0.09185690457515687,1.1701228631445464,0.771875,0.71875,2.4716516102575667,3.7974016726634128,3.5860631134780787,2.384639697208509,0.10669505546585005,5.376876866040443,1.127988144807614,0.8833333333333333,0.8458333333333333
medium,89,Persistence,0,0,0.002437554000152886,0.00044098954223205936,1.9520528517364766,0.525,0.5125,3.9467197811957164,6.000749625856551,0.0,3.943168608052152,0.12289337869112908,6.080735161844517,1.9520528517364766,0.525,0.5125
medium,89,MovingAverage,0,0,0.0013343999999051448,0.0016116052286045434,1.973758476492243,0.53125,0.49583333333333335,4.044156500045419,6.337258897346392,0.0,4.036103204457008,0.12592737356582723,6.568114711878083,1.973758476492243,0.53125,0.49583333333333335
medium,89,QuantileMLP,4200,0,0.40061259200001587,0.017053874509858562,1.2198458738772417,0.7625,0.7125,2.5907173142379074,,,2.5907173142379074,0.11423388864344211,5.575499221722488,1.1806528084278116,0.8291666666666667,0.7666666666666667
medium,89,GAN,3506,3169,2.4330231339999955,0.03579625490185648,1.8484237582194245,0.54375,0.46875,3.447221596409045,5.387916100772202,1.28125630333857,3.463902569984762,0.12480827823164718,6.068540116358135,2.0134788300281103,0.559375,0.4625
medium,89,DDPM,3674,0,5.730821994000053,0.09214193202567354,1.3327458804597885,0.7052083333333333,0.6416666666666667,2.747948224531287,4.271272222890693,2.9111276834122606,2.656261306286879,0.11437632526435723,5.604058723974344,1.2475131544436242,0.7875,0.7229166666666667
medium,97,Persistence,0,0,0.0016665579996697488,0.00037253333359889783,2.1348054792583557,0.521875,0.5125,4.344501565599681,6.567747007135925,0.0,4.3382606816761005,0.1353725207954962,6.3076797925624675,2.1348054792583557,0.521875,0.5125
medium,97,MovingAverage,0,0,0.0013170540000828623,0.0013816091506157963,2.0673488524927275,0.5427083333333333,0.5020833333333333,4.311962221557076,6.72555775239591,0.0,4.29719017850944,0.13435861092308224,6.731099985281846,2.0673488524927275,0.5427083333333333,0.5020833333333333
medium,97,QuantileMLP,4200,0,0.40983098200013046,0.01804821960796093,1.299669246084073,0.7114583333333333,0.66875,2.50248499845501,,,2.50248499845501,0.11133703542359515,5.41690744372091,1.172750407374025,0.7729166666666667,0.7333333333333333
medium,97,GAN,3506,3169,2.5691031209998982,0.03556326666654843,2.132748258771124,0.4708333333333333,0.4041666666666667,3.8039794237585998,5.843753577339667,1.2981071660734655,3.863062041029208,0.13702845307298867,6.5285006315956435,2.458243485063152,0.4479166666666667,0.36041666666666666
medium,97,DDPM,3674,0,5.263188608000291,0.09958310457459804,1.4136203063136252,0.6760416666666667,0.6020833333333333,2.598085847533149,4.038983736104422,3.280017022728422,2.503946915540368,0.1088636470231154,5.39967448287349,1.1712011616599873,0.771875,0.7166666666666667
medium,113,Persistence,0,0,0.001684992999798851,0.00043742875812527286,2.1040376824663984,0.5052083333333334,0.49583333333333335,4.221062316697358,6.342392047940136,0.0,4.219980070716978,0.12917041073892654,6.209484827225461,2.1040376824663984,0.5052083333333334,0.49583333333333335
medium,113,MovingAverage,0,0,0.0014004199997543765,0.0013669843135288996,2.137180332008224,0.51875,0.4708333333333333,4.308197932973865,6.661316438377711,0.0,4.305378160560747,0.13183688247043898,6.588373129242883,2.137180332008224,0.51875,0.4708333333333333
medium,113,QuantileMLP,4200,0,0.4755223960000876,0.016769388234844848,1.438919519386854,0.7072916666666667,0.65,2.7410808051006286,,,2.7410808051006286,0.11750310543065262,5.8126048676549615,1.3150303213479382,0.7729166666666667,0.7166666666666667
medium,113,GAN,3506,3169,3.311343934999968,0.03489697254872523,1.9625703567803305,0.5270833333333333,0.45416666666666666,3.4986328075172817,5.295784729616974,1.3722887273349254,3.5087605447422607,0.12479998639988671,6.1785207450354065,2.02338351832687,0.540625,0.45
medium,113,DDPM,3674,0,5.08434478800018,0.09407239738578152,1.5179796854301257,0.646875,0.59375,2.7233581482535802,4.206429138355866,3.284426343191412,2.642905941465739,0.11161541619205399,5.62445785342478,1.3075098050691696,0.7614583333333333,0.7145833333333333
medium,131,Persistence,0,0,0.0021006580000175745,0.00036346274498926954,2.010926333882266,0.5104166666666666,0.4979166666666667,4.008564705256802,6.018273894938354,0.0,4.00967203546578,0.12835398624833666,6.108522500437517,2.010926333882266,0.5104166666666666,0.4979166666666667
medium,131,MovingAverage,0,0,0.0014207069998519728,0.0013947673204967074,1.8812208405284823,0.5197916666666667,0.475,3.7539457212560703,5.7931014226730895,0.0,3.754653717906145,0.12020110261691186,5.987796256547076,1.8812208405284823,0.5197916666666667,0.475
medium,131,QuantileMLP,4200,0,0.4645524640000076,0.01653345882385384,1.34615892363952,0.70625,0.6625,2.635759895904016,,,2.635759895904016,0.1153187699257315,5.8174272533968345,1.3493014451348933,0.76875,0.7208333333333333
medium,131,GAN,3506,3169,2.904380532000232,0.03590868366052365,1.860829023853667,0.5583333333333333,0.4791666666666667,3.562859923238286,5.373747287573767,1.6239682110268001,3.595644280321278,0.1321184409820619,6.803311880598833,2.1665851338779296,0.6104166666666667,0.525
medium,131,DDPM,3674,0,4.758148283000082,0.08875720653544751,1.364075075563572,0.665625,0.60625,2.641194054365969,4.0947915778571895,3.2300329631359803,2.5827627206110875,0.1113397043226567,5.706845950428183,1.3452334171854872,0.775,0.7020833333333333
heavy,3,Persistence,0,0,0.0020658859998547996,0.00036529673213878,2.4647648472117165,0.5010416666666667,0.4895833333333333,4.990355261761012,7.640225180010847,0.0,4.985286464482882,0.13509524863439573,8.402338290691958,2.4647648472117165,0.5010416666666667,0.4895833333333333
heavy,3,MovingAverage,0,0,0.001325489999999263,0.002045926797352853,2.748141192914656,0.5322916666666667,0.4895833333333333,5.655404474090203,8.981784856281877,0.0,5.642144300068463,0.15309897461802766,10.18459334525931,2.748141192914656,0.5322916666666667,0.4895833333333333
heavy,3,QuantileMLP,4200,0,0.43132052599958115,0.016244173856250283,1.8962247502331913,0.7010416666666667,0.6520833333333333,3.474027357206248,,,3.474027357206248,0.12383911336169494,7.996810154478145,1.8130140794649117,0.725,0.66875
heavy,3,GAN,3506,3169,2.5756955500000913,0.03491319738553583,4.605451302235299,0.28854166666666664,0.2,8.580583628754503,13.72207041778366,1.7330834689826777,8.918101235359792,0.25614333477554174,14.75521506758818,6.568747668775603,0.2375,0.17291666666666666
heavy,3,DDPM,3674,0,4.956291584000155,0.09783112026127211,1.9661888507276783,0.6677083333333333,0.6083333333333333,3.663259843239314,5.671456501041931,4.119100752745212,3.5702195126436154,0.13114634426293004,8.280146233395573,1.8100191923665672,0.7302083333333333,0.6666666666666666
heavy,11,Persistence,0,0,0.0014349699999911536,0.0003644509805323407,2.3454516539257044,0.5,0.4875,4.682196114201017,7.096160140790829,0.0,4.682921713671884,0.1355419267850608,7.163807266024652,2.3454516539257044,0.5,0.4875
heavy,11,MovingAverage,0,0,0.0014027329998498317,0.001345937254965523,2.5379815223913775,0.5010416666666667,0.46041666666666664,5.044868242873095,7.913322393585875,0.0,5.0474594763655665,0.14604069230288264,8.440806995902125,2.5379815223913775,0.5010416666666667,0.46041666666666664
heavy,11,QuantileMLP,4200,0,0.425462687000163,0.018360839215412757,1.4564540945748172,0.7333333333333333,0.6833333333333333,2.8726437270501206,,,2.8726437270501206,0.11830531758237316,6.46458297093442,1.309325303724953,0.83125,0.7895833333333333
heavy,11,GAN,3506,3169,2.6644003440001143,0.03872787973841993,1.4753812081029574,0.7145833333333333,0.6479166666666667,3.5866393630265145,5.473543896691459,2.5060101888746247,3.448666008819991,0.1309333611643948,6.83400655286005,1.3554010700913324,0.8104166666666667,0.75625
heavy,11,DDPM,3674,0,5.254117550000046,0.08907871764665222,1.5079660539529873,0.696875,0.6333333333333333,2.9306160059891453,4.545740278740993,4.185335823890081,2.825579841587445,0.11357107765529553,6.507510497113555,1.3240058388590583,0.8302083333333333,0.7666666666666667
heavy,27,Persistence,0,0,0.0014633229998253228,0.0004901006535149113,2.351056461438634,0.5197916666666667,0.5125,4.7616419576299505,7.184631255227886,0.0,4.756681204733894,0.13739000799303147,7.484112679688804,2.351056461438634,0.5197916666666667,0.5125
heavy,27,MovingAverage,0,0,0.001359136000246508,0.0018083228758388667,2.4077219259128406,0.5052083333333334,0.46875,4.9961918767534526,7.758562235406144,0.0,4.981129541342805,0.14415759269383124,8.330190908401164,2.4077219259128406,0.5052083333333334,0.46875
heavy,27,QuantileMLP,4200,0,0.460566984000252,0.020238084966966233,1.4145628648438442,0.7552083333333334,0.7041666666666667,3.154285107826327,,,3.154285107826327,0.13010329750997077,7.3062449163122505,1.3645746729734483,0.8541666666666666,0.8041666666666667
heavy,27,GAN,3506,3169,2.5302740980000635,0.03854710849659598,1.5065859144138054,0.7552083333333334,0.6833333333333333,4.274926641026396,6.6490205537122185,2.927524918354487,4.092777164082886,0.15449243704908425,8.174182584092776,1.474238997266364,0.8447916666666667,0.7625
heavy,27,DDPM,3674,0,5.223192192999704,0.10571068627470202,1.602012138771266,0.6729166666666667,0.6104166666666667,3.2359705219943775,5.020070495149143,4.370767202305638,3.109027506257895,0.12715722075024674,7.095892467563468,1.3952106718173087,0.7760416666666666,0.7125
heavy,41,Persistence,0,0,0.0014848910000182514,0.0005384235295173758,2.74359355364968,0.48125,0.47291666666666665,5.489459023028076,8.424689171537617,0.0,5.4892696967173515,0.15535275806567359,9.393020863793753,2.74359355364968,0.48125,0.47291666666666665
heavy,41,MovingAverage,0,0,0.001361890000225685,0.0014726601311017445,3.0537414155071247,0.525,0.4895833333333333,6.093588176164885,9.710894454099867,0.0,6.094746064068998,0.1724497306041282,10.71746383369131,3.0537414155071247,0.525,0.4895833333333333
heavy,41,QuantileMLP,4200,0,0.41000390099998185,0.026155963398933144,1.8758925515112645,0.7260416666666667,0.6729166666666667,3.580568202427516,,,3.580568202427516,0.13567266981407403,8.568195335409195,1.747205869822327,0.8083333333333333,0.7625
heavy,41,GAN,3506,3169,2.78757116900033,0.046177820915390896,2.3989678476637457,0.625,0.5458333333333333,4.515254229926839,7.235801991051388,3.1601526449844215,4.511087215899125,0.15273792628688435,9.27870008664518,2.534186713702501,0.671875,0.5875
heavy,41,DDPM,3674,0,5.970711788999779,0.14148229019590075,1.7948040401323533,0.7552083333333334,0.66875,3.9248142233322785,6.153092776885971,4.278074047160654,3.7935735059646882,0.14649713250682833,8.850907127801063,1.7466037209131196,0.8489583333333334,0.78125
heavy,59,Persistence,0,0,0.0017691259999992326,0.0003621777775859098,2.231091478896485,0.5229166666666667,0.5145833333333333,4.5352925107525435,6.823583654871148,0.0,4.529200048005913,0.13683250417155318,6.8461608315539895,2.231091478896485,0.5229166666666667,0.5145833333333333
heavy,59,MovingAverage,0,0,0.0020918879999953788,0.0021647803918479445,2.2715991104857216,0.528125,0.4979166666666667,4.70583617287314,7.318708614173454,0.0,4.692283010214666,0.14197790908275185,7.505792154492621,2.2715991104857216,0.528125,0.4979166666666667
heavy,59,QuantileMLP,4200,0,0.44827996100002565,0.017159368627034342,1.418549326008242,0.7604166666666666,0.7166666666666667,2.861480060446837,,,2.861480060446837,0.11913670423195653,6.229750380963511,1.3320798170171613,0.8458333333333333,0.8041666666666667
heavy,59,GAN,3506,3169,3.0571366809999745,0.04004516209129684,1.7005937186566773,0.65,0.5895833333333333,3.420949361295512,5.2815667763886704,1.7468117815940543,3.3544566637486213,0.12261310885871288,6.278610624558815,1.528948722682409,0.715625,0.6291666666666667
heavy,59,DDPM,3674,0,5.347536642999785,0.0978683529407801,1.518500638663563,0.709375,0.61875,2.9704823685693023,4.6106337516107505,3.9350272629995824,2.8724412345243064,0.1209535846851237,6.12930092482139,1.382686384875077,0.803125,0.7125
heavy,73,Persistence,0,0,0.0016616650000287336,0.00034151633942611605,2.169494511930448,0.5197916666666667,0.5083333333333333,4.430136796659334,6.688419359084051,0.0,4.422541148926131,0.13083868720743358,7.262468293994848,2.169494511930448,0.5197916666666667,0.5083333333333333
heavy,73,MovingAverage,0,0,0.0014489570003206609,0.0017904287578025984,2.169850229255352,0.55,0.50625,4.6134659809937055,7.185190763548333,0.0,4.590652187453457,0.13625309107487318,7.5825294813224415,2.169850229255352,0.55,0.50625
heavy,73,QuantileMLP,4200,0,0.5938683439999295,0.01884647581688839,1.3840781227316072,0.8125,0.76875,2.9083069935064647,,,2.9083069935064647,0.11679796263751782,6.63107857020965,1.3949612359972718,0.8989583333333333,0.8520833333333333
heavy,73,GAN,3506,3169,2.973081610999998,0.03970059999975253,2.0849609229395636,0.5802083333333333,0.4791666666666667,4.431872651481533,7.069658665115155,1.8096401415190895,4.405195139532625,0.15438599754573004,8.071117472906169,2.3448331660011372,0.603125,0.48125
heavy,73,DDPM,3674,0,5.271945502000108,0.1018233189539637,1.5177923903749744,0.7114583333333333,0.65,3.0813917622029146,4.8190881582240275,4.709093034270649,2.977123401922744,0.1201400185686699,6.690554243318235,1.384971904908748,0.8302083333333333,0.7854166666666667
heavy,89,Persistence,0,0,0.002686816999812436,0.00042212287535578214,2.535151985462717,0.525,0.5145833333333333,5.161881651497884,7.948789870991219,0.0,5.154250178116848,0.1361928588618225,8.521801081282769,2.535151985462717,0.525,0.5145833333333333
heavy,89,MovingAverage,0,0,0.0019309250001242617,0.001384687581532513,2.834268625396771,0.53125,0.4979166666666667,5.944876056122731,9.512729475966388,0.0,5.921847822345298,0.1568516522318185,10.47099303055842,2.834268625396771,0.53125,0.4979166666666667
heavy,89,QuantileMLP,4200,0,0.6045613350001986,0.017359828758178077,1.8003894469439565,0.6822916666666666,0.6270833333333333,3.7265556189210276,,,3.7265556189210276,0.138451693475394,9.004267425239542,1.6787710096652069,0.74375,0.6729166666666667
heavy,89,GAN,3506,3169,2.9084926079999605,0.03782758823552856,2.4697648278384374,0.5552083333333333,0.5020833333333333,4.709148038279632,7.451100814360688,1.824492709019979,4.744996179171432,0.1424305548119283,8.993740952058198,2.73456553603754,0.575,0.50625
heavy,89,DDPM,3674,0,5.06989793799994,0.09392997254906649,2.4984507565627516,0.6822916666666666,0.6291666666666667,6.289224131816657,10.234841402118999,8.831273204505026,6.098075523036508,0.21496941169630063,36.8026929997352,2.936592284245053,0.7427083333333333,0.6729166666666667
heavy,97,Persistence,0,0,0.0015135450003072037,0.0003375098036438169,2.5257769939308288,0.5166666666666667,0.5020833333333333,5.106036452682118,7.795461657972316,0.0,5.101496247280413,0.1448525919295585,8.492562769511094,2.5257769939308288,0.5166666666666667,0.5020833333333333
heavy,97,MovingAverage,0,0,0.0018902900001194212,0.0015319163401347122,2.593978494574223,0.5385416666666667,0.49583333333333335,5.443280376503982,8.643290496910366,0.0,5.422003427557687,0.15441982806874258,9.310798912424717,2.593978494574223,0.5385416666666667,0.49583333333333335
heavy,97,QuantileMLP,4200,0,0.4348154640001667,0.01638673202607749,1.540205704806218,0.803125,0.7666666666666667,3.173720627759563,,,3.173720627759563,0.12461401003738265,7.605114641210314,1.4775129503388416,0.8802083333333334,0.85
heavy,97,GAN,3506,3169,2.5939735439997094,0.03646239477116158,1.7094660811840412,0.7208333333333333,0.6625,4.176995795501688,6.446319287194969,2.041005785213198,4.032189903594,0.14126719827694412,8.171651757154153,1.5471843619700423,0.815625,0.7625
heavy,97,DDPM,3674,0,5.089635119999912,0.09421233725530043,1.8735177365962374,0.665625,0.6083333333333333,3.5332957485098735,5.566046938836144,3.8524611259423986,3.436366559082875,0.13281661231335368,8.462198600362424,1.7216733459878926,0.778125,0.7229166666666667
heavy,113,Persistence,0,0,0.0016289170002892206,0.0003626470590187952,2.611399849594405,0.5,0.49166666666666664,5.226807281619557,7.988560512500897,0.0,5.226473316416995,0.13759034664790648,8.381260042606709,2.611399849594405,0.5,0.49166666666666664
heavy,113,MovingAverage,0,0,0.0014461440000559378,0.0013459241832083386,2.99521963392871,0.528125,0.4875,5.9843829168983556,9.450615437508377,0.0,5.984887612811611,0.15753274908477613,9.838328693375901,2.99521963392871,0.528125,0.4875
heavy,113,QuantileMLP,4200,0,0.4842911920000006,0.016647261437873227,2.330332881186011,0.6739583333333333,0.61875,4.462297648514962,,,4.462297648514962,0.15453376034491706,9.987147940243872,2.4809219498618162,0.7114583333333333,0.6458333333333334
heavy,113,GAN,3506,3169,2.9545709160001934,0.03590381437925613,5.45441512345371,0.25416666666666665,0.15208333333333332,10.084992408363883,15.70070816716293,1.6863499443933638,10.536185950594279,0.28753567898156657,16.10514053585085,7.962844294775862,0.18125,0.09791666666666667
heavy,113,DDPM,3674,0,5.119905642000049,0.09840663398695529,2.347627550781398,0.63125,0.5770833333333333,4.366268666757072,6.8066133845874335,4.851495464798733,4.284192204057823,0.150081842543034,9.886697172776447,2.291658602789759,0.703125,0.6416666666666667
heavy,131,Persistence,0,0,0.0019227800003136508,0.0003696875817433846,2.3521343761505786,0.5083333333333333,0.49166666666666664,4.723119389502883,7.15123224136632,0.0,4.721548503069406,0.13728364531766027,7.704035264491085,2.3521343761505786,0.5083333333333333,0.49166666666666664
heavy,131,MovingAverage,0,0,0.001563923000048817,0.001520058823765782,2.4838271902566835,0.528125,0.48541666666666666,5.037945711869754,7.900212416045968,0.0,5.032088100923389,0.1464344843314981,8.746964366814463,2.4838271902566835,0.528125,0.48541666666666666
heavy,131,QuantileMLP,4200,0,0.49232744999972056,0.019723640523248487,1.6487572011522298,0.7302083333333333,0.6708333333333333,3.1147296094513837,,,3.1147296094513837,0.12413569190437398,7.2924547809627756,1.5845493750080772,0.7875,0.7229166666666667
heavy,131,GAN,3506,3169,2.661780131999876,0.04022042091486095,1.9921885163566524,0.6354166666666666,0.5520833333333334,3.900300406720427,6.029631380290027,4.510690842979216,3.8196034199860813,0.14940601460409683,8.30218865200203,1.9819083520994094,0.6791666666666667,0.58125
heavy,131,DDPM,3674,0,5.304145693999999,0.10534793464043687,1.6167768623781205,0.7427083333333333,0.6583333333333333,3.118285516370427,4.906892836215785,4.3286497917351445,3.035052832301399,0.11939170139024582,7.145011591198626,1.5125904902087592,0.8177083333333334,0.7375
extreme,3,Persistence,0,0,0.0016931249997469422,0.0003969464053036919,2.9625109034690147,0.5041666666666667,0.49375,6.051329400648716,9.352794419723049,0.0,6.040803767839492,0.1390285705471166,10.496242531730148,2.9625109034690147,0.5041666666666667,0.49375
extreme,3,MovingAverage,0,0,0.002017291999891313,0.0018406705879707125,3.5298167473971414,0.5291666666666667,0.4875,7.363863137676777,11.767438544305753,0.0,7.3385106674365685,0.1691838764596181,13.253725475016052,3.5298167473971414,0.5291666666666667,0.4875
extreme,3,QuantileMLP,4200,0,0.4110510850000537,0.021075043136959102,2.127508543606111,0.7395833333333334,0.6875,4.142103255146418,,,4.142103255146418,0.13212874811886757,10.346334398567272,1.9835890694297187,0.8041666666666667,0.7583333333333333
extreme,3,GAN,3506,3169,2.467368507000174,0.044057454901942,2.739873570944079,0.5875,0.5208333333333334,5.189006118958309,8.218795271955381,1.4957206853447238,5.151498409168884,0.13451083963660265,10.28785986609736,2.593919988883315,0.625,0.5395833333333333
extreme,3,DDPM,3674,0,4.990013336999709,0.09812365620877055,2.3645883360207827,0.6854166666666667,0.6229166666666667,4.797643716724377,7.588313421773757,5.853736679224115,4.645604518979466,0.1478296660483635,11.960195801666105,2.256458854501648,0.8,0.7479166666666667
extreme,11,Persistence,0,0,0.0014905919997545425,0.00036931764744842287,2.692624258423649,0.5,0.4895833333333333,5.384503898311154,8.156789791835887,0.0,5.3845659498558325,0.14430798281958412,8.90772717090867,2.692624258423649,0.5,0.4895833333333333
extreme,11,MovingAverage,0,0,0.0015409729999191768,0.002149572549040659,3.1385479614180327,0.5083333333333333,0.47291666666666665,6.271435846542287,9.888439208127428,0.0,6.271907519566769,0.16807829903898977,10.913496206759866,3.1385479614180327,0.5083333333333333,0.47291666666666665
extreme,11,QuantileMLP,4200,0,0.40893457500033037,0.021172810457619266,1.906826764720743,0.7333333333333333,0.6458333333333334,3.6413835298404833,,,3.6413835298404833,0.13361248175455706,8.457688191351508,1.7987687155299696,0.8135416666666667,0.7520833333333333
extreme,11,GAN,3506,3169,2.585264760999962,0.035594118954202926,2.1007959264221086,0.665625,0.5791666666666667,4.241237885742596,6.622314660601088,2.6919523613942906,4.1407015198330575,0.14025195019142012,8.490555134387154,1.9232833232657238,0.753125,0.6479166666666667
extreme,11,DDPM,3674,0,5.441401705999851,0.09933489150379281,1.8660251297486532,0.7322916666666667,0.65625,3.5806362145431847,5.557375761514037,5.559769496270584,3.474646780992947,0.1261209570116626,8.203905440409839,1.6824828430599263,0.8583333333333333,0.80625
extreme,27,Persistence,0,0,0.0015878169997449731,0.00035224313690978426,2.7223444710770135,0.5229166666666667,0.5145833333333333,5.528640834751341,8.444097687081857,0.0,5.521644843701565,0.14453367661492603,9.578525041405092,2.7223444710770135,0.5229166666666667,0.5145833333333333
extreme,27,MovingAverage,0,0,0.0017591539999557426,0.0016428888890016489,2.9365773324778814,0.5125,0.4708333333333333,6.137845007527241,9.70495474567248,0.0,6.115787478979615,0.1604599271224643,11.519365854752529,2.9365773324778814,0.5125,0.4708333333333333
extreme,27,QuantileMLP,4200,0,0.41661667499965915,0.016788596078744722,1.7854834019916723,0.7927083333333333,0.7395833333333334,3.868252160926703,,,3.868252160926703,0.13971769724935731,9.641385239476815,1.8022032540755688,0.8614583333333333,0.825
extreme,27,GAN,3506,3169,2.8530609129998084,0.035192975163678725,2.429974343851568,0.60625,0.5229166666666667,4.757852221596054,7.586172089908417,1.9511940963243632,4.716917289447291,0.1464253061800047,9.655668693333306,2.4419005850101576,0.6510416666666666,0.5479166666666667
extreme,27,DDPM,3674,0,5.523690830000305,0.0966665071899983,1.9007619679816654,0.678125,0.6083333333333333,3.817563072085916,5.995372974090096,5.458771422262619,3.6817391991305652,0.13326316690137838,9.274036310170116,1.6866611278376487,0.8020833333333334,0.7333333333333333
extreme,41,Persistence,0,0,0.001475306999964232,0.00042522483662431267,3.0843435284629406,0.48854166666666665,0.475,6.171631013727585,9.507381140501158,0.0,6.171385683994109,0.1568545704004297,11.389246891758546,3.0843435284629406,0.48854166666666665,0.475
extreme,41,MovingAverage,0,0,0.0013861400002497248,0.0014776836596984795,3.5735747274666427,0.5354166666666667,0.5041666666666667,7.193983296316515,11.454270378071737,0.0,7.190080476201246,0.18283807909151872,13.35585407598117,3.5735747274666427,0.5354166666666667,0.5041666666666667
extreme,41,QuantileMLP,4200,0,0.48839354900019316,0.016191780392260876,2.2089073905166057,0.7479166666666667,0.6979166666666666,4.243619454567415,,,4.243619454567415,0.14207106325141736,10.649557987339591,2.1422971666978525,0.8197916666666667,0.78125
extreme,41,GAN,3506,3169,2.850345440000183,0.03676319869246191,3.489236345195062,0.5229166666666667,0.44583333333333336,6.213674942207977,9.877715862653723,5.157820446652985,6.27187934215829,0.19352882048039305,12.844689058115119,3.9652748152826125,0.5447916666666667,0.4666666666666667
extreme,41,DDPM,3674,0,4.986769005000042,0.1156481803917772,2.3038978471455605,0.7885416666666667,0.7291666666666666,6.191321158913561,9.939066439856287,6.485510195807145,5.953887757878667,0.20628692659114514,21.906626844657097,2.542435288790195,0.8697916666666666,0.83125
extreme,59,Persistence,0,0,0.001668172999870876,0.00040735032681826186,2.396539321158728,0.5208333333333334,0.50625,4.864254919980539,7.372069122009491,0.0,4.858323563508615,0.1363132820519045,7.7868733507603975,2.396539321158728,0.5208333333333334,0.50625
extreme,59,MovingAverage,0,0,0.0014064229999348754,0.0013760941180045218,2.5723040854892583,0.5385416666666667,0.5,5.36165723689121,8.361006881519923,0.0,5.34356981473182,0.15025221893611418,8.87458696659263,2.5723040854892583,0.5385416666666667,0.5
extreme,59,QuantileMLP,4200,0,0.47779238800012536,0.016965077124088828,1.5156469249630604,0.7739583333333333,0.7166666666666667,3.0783286905244394,,,3.0783286905244394,0.12018187192349652,7.227944411203967,1.4350602141636746,0.8614583333333333,0.81875
extreme,59,GAN,3506,3169,2.6252964899999824,0.03597024705907173,1.7627662843693612,0.8072916666666666,0.7479166666666667,4.6017924728843695,7.165963376080623,7.9938501660633134,4.514343036820862,0.15199098419280976,8.211795314891331,1.999078323184545,0.8885416666666667,0.85
extreme,59,DDPM,3674,0,5.020886600000267,0.09757730718965059,1.687184324681533,0.721875,0.63125,3.2931760666829972,5.14327438798568,5.18099539045536,3.195258961008107,0.12256183738719048,7.178681131355956,1.5687220046521675,0.8114583333333333,0.725
extreme,73,Persistence,0,0,0.0021667940000043018,0.0003779856211812467,2.475304842755914,0.51875,0.50625,5.058563470467633,7.6646230973606935,0.0,5.049567321721316,0.1376105766504348,8.589462163792394,2.475304842755914,0.51875,0.50625
extreme,73,MovingAverage,0,0,0.00157299000011335,0.0013478352937252363,2.6923979201837835,0.559375,0.5270833333333333,5.705762945412202,8.909622672933814,0.0,5.6790156866584836,0.15521666056633898,9.58046736426448,2.6923979201837835,0.559375,0.5270833333333333
extreme,73,QuantileMLP,4200,0,0.4350210019997576,0.01656690457547799,1.7255755078947363,0.8114583333333333,0.7708333333333334,3.498208078522603,,,3.498208078522603,0.1279073570074799,8.152782376498541,1.6945935068707307,0.8833333333333333,0.8520833333333333
extreme,73,GAN,3506,3169,2.577097634999973,0.036293237908645165,2.0244049812267573,0.6583333333333333,0.5875,4.444348388817314,6.88324851482328,1.6071120198733169,4.355749518033514,0.13932325197798817,8.570229191042829,1.9318017037779887,0.7083333333333334,0.64375
extreme,73,DDPM,3674,0,5.045842741999877,0.09927172287622371,1.7551291347746008,0.7760416666666666,0.725,3.6744703257416242,5.785265612209937,6.0465555563964415,3.5556065734242472,0.13159933614960245,8.177426850138971,1.6864678710372984,0.878125,0.83125
extreme,89,Persistence,0,0,0.0020115359998271742,0.00031904967317149935,2.9473941196791054,0.5166666666666667,0.50625,6.0716353032876915,9.397020933329298,0.0,6.056898047960234,0.14392571051596362,10.717156334444866,2.9473941196791054,0.5166666666666667,0.50625
extreme,89,MovingAverage,0,0,0.001478595999742538,0.001329007843309394,3.600613337924877,0.525,0.49583333333333335,7.620407183107646,12.24710701627705,0.0,7.585475474169487,0.1806387346183056,13.764017414282291,3.600613337924877,0.525,0.49583333333333335
extreme,89,QuantileMLP,4200,0,0.44258746200011956,0.01709046405237423,2.0922392605034124,0.7635416666666667,0.7125,4.300668386541065,,,4.300668386541065,0.13722563524706974,10.905475673813374,2.0099284829924886,0.8416666666666667,0.7916666666666666
extreme,89,GAN,3506,3169,2.6336840039998606,0.035347180392206426,3.230282375599529,0.9239583333333333,0.8666666666666667,26.32498693115583,42.35644085977535,4.27489905344397,24.814708900684966,0.6675834827883669,41.86463292119138,4.6736014283649485,0.9645833333333333,0.9395833333333333
extreme,89,DDPM,3674,0,5.098446474999946,0.09209594901917359,2.0237702634102432,0.79375,0.725,4.78747734798966,7.663335213203047,6.97272991743532,4.62047972090656,0.14866719001461898,11.21078569671621,2.101507882334735,0.8802083333333334,0.8291666666666667
extreme,97,Persistence,0,0,0.00194915999963996,0.0004087163397106053,2.9797362562246597,0.5229166666666667,0.5145833333333333,6.029420612494761,9.305508353997768,0.0,6.023591604157641,0.15566565630502527,10.856170554598796,2.9797362562246597,0.5229166666666667,0.5145833333333333
extreme,97,MovingAverage,0,0,0.0014946950000194192,0.0013880496731467752,3.3622999309768478,0.51875,0.49166666666666664,7.0223925196624215,11.280923549228453,0.0,6.997576464853361,0.1813018879690409,12.814111716746158,3.3622999309768478,0.51875,0.49166666666666664
extreme,97,QuantileMLP,4200,0,0.39661582200005796,0.01638613594741103,1.985487843971366,0.784375,0.73125,4.13883637550066,,,4.13883637550066,0.14719097127195546,10.489137546466713,1.9268633194940505,0.8604166666666667,0.8145833333333333
extreme,97,GAN,3506,3169,2.8438004999998157,0.035197980391815396,2.382237167571296,0.6354166666666666,0.5625,4.938288782757715,7.872152725358446,2.5329266507099875,4.824204355572794,0.15154137012605629,10.730983043589955,2.1458391065245492,0.696875,0.6125
extreme,97,DDPM,3674,0,5.06167388599988,0.09362358039212576,2.327021560676843,0.6635416666666667,0.5979166666666667,4.62081218013977,7.329617730152018,4.804025611847649,4.505362583202663,0.1554532947017908,11.635451588722326,2.258759733133313,0.775,0.7166666666666667
extreme,113,Persistence,0,0,0.0029753480002909782,0.000533466666882281,3.047179444718126,0.509375,0.5020833333333333,6.153894723195316,9.474745745065267,0.0,6.148933403715394,0.1450536674747118,10.475603511548515,3.047179444718126,0.509375,0.5020833333333333
extreme,113,MovingAverage,0,0,0.0018776799997795024,0.0013648928103850945,3.554390018797759,0.553125,0.5125,7.2611626088684265,11.604987750905183,0.0,7.248464061262351,0.17115311748455184,12.752072778891469,3.554390018797759,0.553125,0.5125
extreme,113,QuantileMLP,4200,0,0.44437062499991953,0.018899903268165454,2.2724099696224207,0.7375,0.6875,4.170949691498967,,,4.170949691498967,0.13316033012089615,10.326258802133646,2.0857173689988704,0.7927083333333333,0.7333333333333333
extreme,113,GAN,3506,3169,2.774891941000078,0.03825432679768472,2.6295827267066936,0.684375,0.58125,5.756626387979139,9.158096767892554,1.82959547048417,5.67831737406724,0.15337519495045587,10.716049346423974,2.6343570600940964,0.7104166666666667,0.575
extreme,113,DDPM,3674,0,5.69661006699971,0.10051404313736723,3.332209536409843,0.759375,0.70625,8.100529087030317,12.731725413380278,12.378239829583501,7.808746843098354,0.2652094855723357,37.4794149736775,3.9436103599999464,0.8541666666666666,0.8041666666666667
extreme,131,Persistence,0,0,0.0014741509999112168,0.0007490457516955668,2.7457345634176136,0.5010416666666667,0.48333333333333334,5.528281411577571,8.441221148234208,0.0,5.525213721182376,0.14551984830127665,9.60556632765398,2.7457345634176136,0.5010416666666667,0.48333333333333334
extreme,131,MovingAverage,0,0,0.0013004450001972145,0.003907980392207666,3.098269389848766,0.521875,0.4875,6.280331006941058,9.920480837983458,0.0,6.273348321337432,0.16531589971123942,11.123281125408635,3.098269389848766,0.521875,0.4875
extreme,131,QuantileMLP,4200,0,0.43700104600020495,0.018241192156934406,2.07481315782822,0.7416666666666667,0.6791666666666667,4.094175598124342,,,4.094175598124342,0.1498505320196256,9.720003096834063,2.094570775678713,0.7979166666666667,0.7270833333333333
extreme,131,GAN,3506,3169,2.9629344360000687,0.038760416993408715,2.209434035950235,0.7239583333333334,0.6416666666666667,5.070695436568722,8.116344626886596,3.920340632061673,4.944003676879144,0.17072583918784967,10.153782626316616,2.361754760140904,0.778125,0.6958333333333333
extreme,131,DDPM,3674,0,6.407962801000394,0.1608594039216947,2.0680553818470226,0.7020833333333333,0.6354166666666666,4.122996401979422,6.457550989925127,5.805100741500811,4.008054799269114,0.1436114463843511,9.608736854181243,1.991700914804068,0.7791666666666667,0.7104166666666667
